scalerank;featurecla;labelrank;sovereignt;sov_a3;adm0_dif;level;type;admin;adm0_a3;geou_dif;geounit;gu_a3;su_dif;subunit;su_a3;brk_diff;name;name_long;brk_a3;brk_name;brk_group;abbrev;postal;formal_en;formal_fr;note_adm0;note_brk;name_sort;name_alt;mapcolor7;mapcolor8;mapcolor9;mapcolor13;pop_est;gdp_md_est;pop_year;lastcensus;gdp_year;economy;income_grp;wikipedia;fips_10;iso_a2;iso_a3;iso_n3;un_a3;wb_a2;wb_a3;woe_id;adm0_a3_is;adm0_a3_us;adm0_a3_un;adm0_a3_wb;continent;region_un;subregion;region_wb;name_len;long_len;abbrev_len;tiny;homepart
1;Admin-0 country;3.000000;Afghanistan;AFG;0.000000;2.000000;Sovereign country;Afghanistan;AFG;0.000000;Afghanistan;AFG;0.000000;Afghanistan;AFG;0.000000;Afghanistan;Afghanistan;AFG;Afghanistan;;Afg.;AF;Islamic State of Afghanistan;;;;Afghanistan;;5.000000;6.000000;8.000000;7.000000;28400000.000000;22270.000000;-99.000000;1979.000000;-99.000000;7. Least developed region;5. Low income;-99.000000;;AF;AFG;004;004;AF;AFG;-99.000000;AFG;AFG;-99.000000;-99.000000;Asia;Asia;Southern Asia;South Asia;11.000000;11.000000;4.000000;-99.000000;1.000000
1;Admin-0 country;3.000000;Angola;AGO;0.000000;2.000000;Sovereign country;Angola;AGO;0.000000;Angola;AGO;0.000000;Angola;AGO;0.000000;Angola;Angola;AGO;Angola;;Ang.;AO;People's Republic of Angola;;;;Angola;;3.000000;2.000000;6.000000;1.000000;12799293.000000;110300.000000;-99.000000;1970.000000;-99.000000;7. Least developed region;3. Upper middle income;-99.000000;;AO;AGO;024;024;AO;AGO;-99.000000;AGO;AGO;-99.000000;-99.000000;Africa;Africa;Middle Africa;Sub-Saharan Africa;6.000000;6.000000;4.000000;-99.000000;1.000000
1;Admin-0 country;6.000000;Albania;ALB;0.000000;2.000000;Sovereign country;Albania;ALB;0.000000;Albania;ALB;0.000000;Albania;ALB;0.000000;Albania;Albania;ALB;Albania;;Alb.;AL;Republic of Albania;;;;Albania;;1.000000;4.000000;1.000000;6.000000;3639453.000000;21810.000000;-99.000000;2001.000000;-99.000000;6. Developing region;4. Lower middle income;-99.000000;;AL;ALB;008;008;AL;ALB;-99.000000;ALB;ALB;-99.000000;-99.000000;Europe;Europe;Southern Europe;Europe & Central Asia;7.000000;7.000000;4.000000;-99.000000;1.000000
1;Admin-0 country;4.000000;United Arab Emirates;ARE;0.000000;2.000000;Sovereign country;United Arab Emirates;ARE;0.000000;United Arab Emirates;ARE;0.000000;United Arab Emirates;ARE;0.000000;United Arab Emirates;United Arab Emirates;ARE;United Arab Emirates;;U.A.E.;AE;United Arab Emirates;;;;United Arab Emirates;;2.000000;1.000000;3.000000;3.000000;4798491.000000;184300.000000;-99.000000;2010.000000;-99.000000;6. Developing region;2. High income: nonOECD;-99.000000;;AE;ARE;784;784;AE;ARE;-99.000000;ARE;ARE;-99.000000;-99.000000;Asia;Asia;Western Asia;Middle East & North Africa;20.000000;20.000000;6.000000;-99.000000;1.000000
1;Admin-0 country;2.000000;Argentina;ARG;0.000000;2.000000;Sovereign country;Argentina;ARG;0.000000;Argentina;ARG;0.000000;Argentina;ARG;0.000000;Argentina;Argentina;ARG;Argentina;;Arg.;AR;Argentine Republic;;;;Argentina;;3.000000;1.000000;3.000000;13.000000;40913584.000000;573900.000000;-99.000000;2010.000000;-99.000000;5. Emerging region: G20;3. Upper middle income;-99.000000;;AR;ARG;032;032;AR;ARG;-99.000000;ARG;ARG;-99.000000;-99.000000;South America;Americas;South America;Latin America & Caribbean;9.000000;9.000000;4.000000;-99.000000;1.000000
1;Admin-0 country;6.000000;Armenia;ARM;0.000000;2.000000;Sovereign country;Armenia;ARM;0.000000;Armenia;ARM;0.000000;Armenia;ARM;0.000000;Armenia;Armenia;ARM;Armenia;;Arm.;ARM;Republic of Armenia;;;;Armenia;;3.000000;1.000000;2.000000;10.000000;2967004.000000;18770.000000;-99.000000;2001.000000;-99.000000;6. Developing region;4. Lower middle income;-99.000000;;AM;ARM;051;051;AM;ARM;-99.000000;ARM;ARM;-99.000000;-99.000000;Asia;Asia;Western Asia;Europe & Central Asia;7.000000;7.000000;4.000000;-99.000000;1.000000
1;Admin-0 country;4.000000;Antarctica;ATA;0.000000;2.000000;Indeterminate;Antarctica;ATA;0.000000;Antarctica;ATA;0.000000;Antarctica;ATA;0.000000;Antarctica;Antarctica;ATA;Antarctica;;Ant.;AQ;;;;Multiple claims held in abeyance;Antarctica;;4.000000;5.000000;1.000000;-99.000000;3802.000000;760.400000;-99.000000;-99.000000;-99.000000;6. Developing region;2. High income: nonOECD;-99.000000;;AQ;ATA;010;-099;-99;-99;-99.000000;ATA;ATA;-99.000000;-99.000000;Antarctica;Antarctica;Antarctica;Antarctica;10.000000;10.000000;4.000000;-99.000000;1.000000
3;Admin-0 country;6.000000;France;FR1;1.000000;2.000000;Dependency;French Southern and Antarctic Lands;ATF;0.000000;French Southern and Antarctic Lands;ATF;0.000000;French Southern and Antarctic Lands;ATF;0.000000;Fr. S. Antarctic Lands;French Southern and Antarctic Lands;ATF;Fr. S. and Antarctic Lands;;Fr. S.A.L.;TF;Territory of the French Southern and Antarctic Lands;;Fr.;;French Southern and Antarctic Lands;;7.000000;5.000000;9.000000;11.000000;140.000000;16.000000;-99.000000;-99.000000;-99.000000;6. Developing region;2. High income: nonOECD;-99.000000;;TF;ATF;260;-099;-99;-99;-99.000000;ATF;ATF;-99.000000;-99.000000;Seven seas (open ocean);Seven seas (open ocean);Seven seas (open ocean);Sub-Saharan Africa;22.000000;35.000000;10.000000;2.000000;-99.000000
1;Admin-0 country;2.000000;Australia;AU1;1.000000;2.000000;Country;Australia;AUS;0.000000;Australia;AUS;0.000000;Australia;AUS;0.000000;Australia;Australia;AUS;Australia;;Auz.;AU;Commonwealth of Australia;;;;Australia;;1.000000;2.000000;2.000000;7.000000;21262641.000000;800200.000000;-99.000000;2006.000000;-99.000000;2. Developed region: nonG7;1. High income: OECD;-99.000000;;AU;AUS;036;036;AU;AUS;-99.000000;AUS;AUS;-99.000000;-99.000000;Oceania;Oceania;Australia and New Zealand;East Asia & Pacific;9.000000;9.000000;4.000000;-99.000000;1.000000
1;Admin-0 country;4.000000;Austria;AUT;0.000000;2.000000;Sovereign country;Austria;AUT;0.000000;Austria;AUT;0.000000;Austria;AUT;0.000000;Austria;Austria;AUT;Austria;;Aust.;A;Republic of Austria;;;;Austria;;3.000000;1.000000;3.000000;4.000000;8210281.000000;329500.000000;-99.000000;2011.000000;-99.000000;2. Developed region: nonG7;1. High income: OECD;-99.000000;;AT;AUT;040;040;AT;AUT;-99.000000;AUT;AUT;-99.000000;-99.000000;Europe;Europe;Western Europe;Europe & Central Asia;7.000000;7.000000;5.000000;-99.000000;1.000000
1;Admin-0 country;5.000000;Azerbaijan;AZE;0.000000;2.000000;Sovereign country;Azerbaijan;AZE;0.000000;Azerbaijan;AZE;0.000000;Azerbaijan;AZE;0.000000;Azerbaijan;Azerbaijan;AZE;Azerbaijan;;Aze.;AZ;Republic of Azerbaijan;;;;Azerbaijan;;1.000000;6.000000;5.000000;8.000000;8238672.000000;77610.000000;-99.000000;2009.000000;-99.000000;6. Developing region;3. Upper middle income;-99.000000;;AZ;AZE;031;031;AZ;AZE;-99.000000;AZE;AZE;-99.000000;-99.000000;Asia;Asia;Western Asia;Europe & Central Asia;10.000000;10.000000;4.000000;-99.000000;1.000000
1;Admin-0 country;6.000000;Burundi;BDI;0.000000;2.000000;Sovereign country;Burundi;BDI;0.000000;Burundi;BDI;0.000000;Burundi;BDI;0.000000;Burundi;Burundi;BDI;Burundi;;Bur.;BI;Republic of Burundi;;;;Burundi;;2.000000;2.000000;5.000000;8.000000;8988091.000000;3102.000000;-99.000000;2008.000000;-99.000000;7. Least developed region;5. Low income;-99.000000;;BI;BDI;108;108;BI;BDI;-99.000000;BDI;BDI;-99.000000;-99.000000;Africa;Africa;Eastern Africa;Sub-Saharan Africa;7.000000;7.000000;4.000000;-99.000000;1.000000
1;Admin-0 country;2.000000;Belgium;BEL;0.000000;2.000000;Sovereign country;Belgium;BEL;0.000000;Belgium;BEL;0.000000;Belgium;BEL;0.000000;Belgium;Belgium;BEL;Belgium;;Belg.;B;Kingdom of Belgium;;;;Belgium;;3.000000;2.000000;1.000000;8.000000;10414336.000000;389300.000000;-99.000000;2011.000000;-99.000000;2. Developed region: nonG7;1. High income: OECD;-99.000000;;BE;BEL;056;056;BE;BEL;-99.000000;BEL;BEL;-99.000000;-99.000000;Europe;Europe;Western Europe;Europe & Central Asia;7.000000;7.000000;5.000000;-99.000000;1.000000
1;Admin-0 country;5.000000;Benin;BEN;0.000000;2.000000;Sovereign country;Benin;BEN;0.000000;Benin;BEN;0.000000;Benin;BEN;0.000000;Benin;Benin;BEN;Benin;;Benin;BJ;Republic of Benin;;;;Benin;;1.000000;2.000000;2.000000;12.000000;8791832.000000;12830.000000;-99.000000;2002.000000;-99.000000;7. Least developed region;5. Low income;-99.000000;;BJ;BEN;204;204;BJ;BEN;-99.000000;BEN;BEN;-99.000000;-99.000000;Africa;Africa;Western Africa;Sub-Saharan Africa;5.000000;5.000000;5.000000;-99.000000;1.000000
1;Admin-0 country;3.000000;Burkina Faso;BFA;0.000000;2.000000;Sovereign country;Burkina Faso;BFA;0.000000;Burkina Faso;BFA;0.000000;Burkina Faso;BFA;0.000000;Burkina Faso;Burkina Faso;BFA;Burkina Faso;;B.F.;BF;Burkina Faso;;;;Burkina Faso;;2.000000;1.000000;5.000000;11.000000;15746232.000000;17820.000000;-99.000000;2006.000000;-99.000000;7. Least developed region;5. Low income;-99.000000;;BF;BFA;854;854;BF;BFA;-99.000000;BFA;BFA;-99.000000;-99.000000;Africa;Africa;Western Africa;Sub-Saharan Africa;12.000000;12.000000;4.000000;-99.000000;1.000000
1;Admin-0 country;3.000000;Bangladesh;BGD;0.000000;2.000000;Sovereign country;Bangladesh;BGD;0.000000;Bangladesh;BGD;0.000000;Bangladesh;BGD;0.000000;Bangladesh;Bangladesh;BGD;Bangladesh;;Bang.;BD;People's Republic of Bangladesh;;;;Bangladesh;;3.000000;4.000000;7.000000;7.000000;156050883.000000;224000.000000;-99.000000;2011.000000;-99.000000;7. Least developed region;5. Low income;-99.000000;;BD;BGD;050;050;BD;BGD;-99.000000;BGD;BGD;-99.000000;-99.000000;Asia;Asia;Southern Asia;South Asia;10.000000;10.000000;5.000000;-99.000000;1.000000
1;Admin-0 country;4.000000;Bulgaria;BGR;0.000000;2.000000;Sovereign country;Bulgaria;BGR;0.000000;Bulgaria;BGR;0.000000;Bulgaria;BGR;0.000000;Bulgaria;Bulgaria;BGR;Bulgaria;;Bulg.;BG;Republic of Bulgaria;;;;Bulgaria;;4.000000;5.000000;1.000000;8.000000;7204687.000000;93750.000000;-99.000000;2011.000000;-99.000000;2. Developed region: nonG7;3. Upper middle income;-99.000000;;BG;BGR;100;100;BG;BGR;-99.000000;BGR;BGR;-99.000000;-99.000000;Europe;Europe;Eastern Europe;Europe & Central Asia;8.000000;8.000000;5.000000;-99.000000;1.000000
1;Admin-0 country;4.000000;The Bahamas;BHS;0.000000;2.000000;Sovereign country;The Bahamas;BHS;0.000000;The Bahamas;BHS;0.000000;The Bahamas;BHS;0.000000;Bahamas;Bahamas;BHS;Bahamas;;Bhs.;BS;Commonwealth of the Bahamas;;;;Bahamas, The;;1.000000;1.000000;2.000000;5.000000;309156.000000;9093.000000;-99.000000;2010.000000;-99.000000;6. Developing region;2. High income: nonOECD;-99.000000;;BS;BHS;044;044;BS;BHS;-99.000000;BHS;BHS;-99.000000;-99.000000;North America;Americas;Caribbean;Latin America & Caribbean;7.000000;7.000000;4.000000;-99.000000;1.000000
1;Admin-0 country;5.000000;Bosnia and Herzegovina;BIH;0.000000;2.000000;Sovereign country;Bosnia and Herzegovina;BIH;0.000000;Bosnia and Herzegovina;BIH;0.000000;Bosnia and Herzegovina;BIH;0.000000;Bosnia and Herz.;Bosnia and Herzegovina;BIH;Bosnia and Herz.;;B.H.;BiH;Bosnia and Herzegovina;;;;Bosnia and Herzegovina;;1.000000;1.000000;1.000000;2.000000;4613414.000000;29700.000000;-99.000000;1991.000000;-99.000000;6. Developing region;3. Upper middle income;-99.000000;;BA;BIH;070;070;BA;BIH;-99.000000;BIH;BIH;-99.000000;-99.000000;Europe;Europe;Southern Europe;Europe & Central Asia;16.000000;22.000000;4.000000;-99.000000;1.000000
1;Admin-0 country;4.000000;Belarus;BLR;0.000000;2.000000;Sovereign country;Belarus;BLR;0.000000;Belarus;BLR;0.000000;Belarus;BLR;0.000000;Belarus;Belarus;BLR;Belarus;;Bela.;BY;Republic of Belarus;;;;Belarus;;1.000000;1.000000;5.000000;11.000000;9648533.000000;114100.000000;-99.000000;2009.000000;-99.000000;6. Developing region;3. Upper middle income;-99.000000;;BY;BLR;112;112;BY;BLR;-99.000000;BLR;BLR;-99.000000;-99.000000;Europe;Europe;Eastern Europe;Europe & Central Asia;7.000000;7.000000;5.000000;-99.000000;1.000000
1;Admin-0 country;6.000000;Belize;BLZ;0.000000;2.000000;Sovereign country;Belize;BLZ;0.000000;Belize;BLZ;0.000000;Belize;BLZ;0.000000;Belize;Belize;BLZ;Belize;;Belize;BZ;Belize;;;;Belize;;1.000000;4.000000;5.000000;7.000000;307899.000000;2536.000000;-99.000000;2010.000000;-99.000000;6. Developing region;4. Lower middle income;-99.000000;;BZ;BLZ;084;084;BZ;BLZ;-99.000000;BLZ;BLZ;-99.000000;-99.000000;North America;Americas;Central America;Latin America & Caribbean;6.000000;6.000000;6.000000;-99.000000;1.000000
1;Admin-0 country;3.000000;Bolivia;BOL;0.000000;2.000000;Sovereign country;Bolivia;BOL;0.000000;Bolivia;BOL;0.000000;Bolivia;BOL;0.000000;Bolivia;Bolivia;BOL;Bolivia;;Bolivia;BO;Plurinational State of Bolivia;;;;Bolivia;;1.000000;5.000000;2.000000;3.000000;9775246.000000;43270.000000;-99.000000;2001.000000;-99.000000;5. Emerging region: G20;4. Lower middle income;-99.000000;;BO;BOL;068;068;BO;BOL;-99.000000;BOL;BOL;-99.000000;-99.000000;South America;Americas;South America;Latin America & Caribbean;7.000000;7.000000;7.000000;-99.000000;1.000000
1;Admin-0 country;2.000000;Brazil;BRA;0.000000;2.000000;Sovereign country;Brazil;BRA;0.000000;Brazil;BRA;0.000000;Brazil;BRA;0.000000;Brazil;Brazil;BRA;Brazil;;Brazil;BR;Federative Republic of Brazil;;;;Brazil;;5.000000;6.000000;5.000000;7.000000;198739269.000000;1993000.000000;-99.000000;2010.000000;-99.000000;3. Emerging region: BRIC;3. Upper middle income;-99.000000;;BR;BRA;076;076;BR;BRA;-99.000000;BRA;BRA;-99.000000;-99.000000;South America;Americas;South America;Latin America & Caribbean;6.000000;6.000000;6.000000;-99.000000;1.000000
1;Admin-0 country;6.000000;Brunei;BRN;0.000000;2.000000;Sovereign country;Brunei;BRN;0.000000;Brunei;BRN;0.000000;Brunei;BRN;0.000000;Brunei;Brunei Darussalam;BRN;Brunei;;Brunei;BN;Negara Brunei Darussalam;;;;Brunei;;4.000000;6.000000;6.000000;12.000000;388190.000000;20250.000000;-99.000000;2001.000000;-99.000000;6. Developing region;2. High income: nonOECD;-99.000000;;BN;BRN;096;096;BN;BRN;-99.000000;BRN;BRN;-99.000000;-99.000000;Asia;Asia;South-Eastern Asia;East Asia & Pacific;6.000000;17.000000;6.000000;2.000000;1.000000
1;Admin-0 country;5.000000;Bhutan;BTN;0.000000;2.000000;Sovereign country;Bhutan;BTN;0.000000;Bhutan;BTN;0.000000;Bhutan;BTN;0.000000;Bhutan;Bhutan;BTN;Bhutan;;Bhutan;BT;Kingdom of Bhutan;;;;Bhutan;;5.000000;6.000000;1.000000;8.000000;691141.000000;3524.000000;-99.000000;2005.000000;-99.000000;7. Least developed region;4. Lower middle income;-99.000000;;BT;BTN;064;064;BT;BTN;-99.000000;BTN;BTN;-99.000000;-99.000000;Asia;Asia;Southern Asia;South Asia;6.000000;6.000000;6.000000;-99.000000;1.000000
1;Admin-0 country;4.000000;Botswana;BWA;0.000000;2.000000;Sovereign country;Botswana;BWA;0.000000;Botswana;BWA;0.000000;Botswana;BWA;0.000000;Botswana;Botswana;BWA;Botswana;;Bwa.;BW;Republic of Botswana;;;;Botswana;;6.000000;5.000000;7.000000;3.000000;1990876.000000;27060.000000;-99.000000;2011.000000;-99.000000;6. Developing region;3. Upper middle income;-99.000000;;BW;BWA;072;072;BW;BWA;-99.000000;BWA;BWA;-99.000000;-99.000000;Africa;Africa;Southern Africa;Sub-Saharan Africa;8.000000;8.000000;4.000000;-99.000000;1.000000
1;Admin-0 country;4.000000;Central African Republic;CAF;0.000000;2.000000;Sovereign country;Central African Republic;CAF;0.000000;Central African Republic;CAF;0.000000;Central African Republic;CAF;0.000000;Central African Rep.;Central African Republic;CAF;Central African Rep.;;C.A.R.;CF;Central African Republic;;;;Central African Republic;;5.000000;6.000000;6.000000;9.000000;4511488.000000;3198.000000;-99.000000;2003.000000;-99.000000;7. Least developed region;5. Low income;-99.000000;;CF;CAF;140;140;CF;CAF;-99.000000;CAF;CAF;-99.000000;-99.000000;Africa;Africa;Middle Africa;Sub-Saharan Africa;20.000000;24.000000;6.000000;-99.000000;1.000000
1;Admin-0 country;2.000000;Canada;CAN;0.000000;2.000000;Sovereign country;Canada;CAN;0.000000;Canada;CAN;0.000000;Canada;CAN;0.000000;Canada;Canada;CAN;Canada;;Can.;CA;Canada;;;;Canada;;6.000000;6.000000;2.000000;2.000000;33487208.000000;1300000.000000;-99.000000;2011.000000;-99.000000;1. Developed region: G7;1. High income: OECD;-99.000000;;CA;CAN;124;124;CA;CAN;-99.000000;CAN;CAN;-99.000000;-99.000000;North America;Americas;Northern America;North America;6.000000;6.000000;4.000000;-99.000000;1.000000
1;Admin-0 country;4.000000;Switzerland;CHE;0.000000;2.000000;Sovereign country;Switzerland;CHE;0.000000;Switzerland;CHE;0.000000;Switzerland;CHE;0.000000;Switzerland;Switzerland;CHE;Switzerland;;Switz.;CH;Swiss Confederation;;;;Switzerland;;5.000000;2.000000;7.000000;3.000000;7604467.000000;316700.000000;-99.000000;2010.000000;-99.000000;2. Developed region: nonG7;1. High income: OECD;-99.000000;;CH;CHE;756;756;CH;CHE;-99.000000;CHE;CHE;-99.000000;-99.000000;Europe;Europe;Western Europe;Europe & Central Asia;11.000000;11.000000;6.000000;-99.000000;1.000000
1;Admin-0 country;2.000000;Chile;CHL;0.000000;2.000000;Sovereign country;Chile;CHL;0.000000;Chile;CHL;0.000000;Chile;CHL;0.000000;Chile;Chile;CHL;Chile;;Chile;CL;Republic of Chile;;;;Chile;;5.000000;1.000000;5.000000;9.000000;16601707.000000;244500.000000;-99.000000;2002.000000;-99.000000;5. Emerging region: G20;3. Upper middle income;-99.000000;;CL;CHL;152;152;CL;CHL;-99.000000;CHL;CHL;-99.000000;-99.000000;South America;Americas;South America;Latin America & Caribbean;5.000000;5.000000;5.000000;-99.000000;1.000000
1;Admin-0 country;2.000000;China;CH1;1.000000;2.000000;Country;China;CHN;0.000000;China;CHN;0.000000;China;CHN;0.000000;China;China;CHN;China;;China;CN;People's Republic of China;;;;China;;4.000000;4.000000;4.000000;3.000000;1338612970.000000;7973000.000000;-99.000000;2010.000000;-99.000000;3. Emerging region: BRIC;3. Upper middle income;-99.000000;;CN;CHN;156;156;CN;CHN;-99.000000;CHN;CHN;-99.000000;-99.000000;Asia;Asia;Eastern Asia;East Asia & Pacific;5.000000;5.000000;5.000000;-99.000000;1.000000
1;Admin-0 country;3.000000;Ivory Coast;CIV;0.000000;2.000000;Sovereign country;Ivory Coast;CIV;0.000000;Ivory Coast;CIV;0.000000;Ivory Coast;CIV;0.000000;C¶te d'Ivoire;C¶te d'Ivoire;CIV;C¶te d'Ivoire;;I.C.;CI;Republic of Ivory Coast;Republic of Cote D'Ivoire;;;C¶te d'Ivoire;;4.000000;6.000000;3.000000;3.000000;20617068.000000;33850.000000;-99.000000;1998.000000;-99.000000;6. Developing region;4. Lower middle income;-99.000000;;CI;CIV;384;384;CI;CIV;-99.000000;CIV;CIV;-99.000000;-99.000000;Africa;Africa;Western Africa;Sub-Saharan Africa;13.000000;13.000000;4.000000;-99.000000;1.000000
1;Admin-0 country;3.000000;Cameroon;CMR;0.000000;2.000000;Sovereign country;Cameroon;CMR;0.000000;Cameroon;CMR;0.000000;Cameroon;CMR;0.000000;Cameroon;Cameroon;CMR;Cameroon;;Cam.;CM;Republic of Cameroon;;;;Cameroon;;1.000000;4.000000;1.000000;3.000000;18879301.000000;42750.000000;-99.000000;2005.000000;-99.000000;6. Developing region;4. Lower middle income;-99.000000;;CM;CMR;120;120;CM;CMR;-99.000000;CMR;CMR;-99.000000;-99.000000;Africa;Africa;Middle Africa;Sub-Saharan Africa;8.000000;8.000000;4.000000;-99.000000;1.000000
1;Admin-0 country;2.000000;Democratic Republic of the Congo;COD;0.000000;2.000000;Sovereign country;Democratic Republic of the Congo;COD;0.000000;Democratic Republic of the Congo;COD;0.000000;Democratic Republic of the Congo;COD;0.000000;Dem. Rep. Congo;Democratic Republic of the Congo;COD;Democratic Republic of the Congo;;D.R.C.;DRC;Democratic Republic of the Congo;;;;Congo, Dem. Rep.;;4.000000;4.000000;4.000000;7.000000;68692542.000000;20640.000000;-99.000000;1984.000000;-99.000000;7. Least developed region;5. Low income;-99.000000;;CD;COD;180;180;ZR;ZAR;-99.000000;COD;COD;-99.000000;-99.000000;Africa;Africa;Middle Africa;Sub-Saharan Africa;15.000000;32.000000;6.000000;-99.000000;1.000000
1;Admin-0 country;4.000000;Republic of Congo;COG;0.000000;2.000000;Sovereign country;Republic of Congo;COG;0.000000;Republic of Congo;COG;0.000000;Republic of Congo;COG;0.000000;Congo;Republic of Congo;COG;Republic of Congo;;Rep. Congo;CG;Republic of Congo;;;;Congo, Rep.;;2.000000;1.000000;3.000000;10.000000;4012809.000000;15350.000000;-99.000000;2007.000000;-99.000000;6. Developing region;4. Lower middle income;-99.000000;;CG;COG;178;178;CG;COG;-99.000000;COG;COG;-99.000000;-99.000000;Africa;Africa;Middle Africa;Sub-Saharan Africa;5.000000;17.000000;10.000000;-99.000000;1.000000
1;Admin-0 country;2.000000;Colombia;COL;0.000000;2.000000;Sovereign country;Colombia;COL;0.000000;Colombia;COL;0.000000;Colombia;COL;0.000000;Colombia;Colombia;COL;Colombia;;Col.;CO;Republic of Colombia;;;;Colombia;;2.000000;1.000000;3.000000;1.000000;45644023.000000;395400.000000;-99.000000;2006.000000;-99.000000;6. Developing region;3. Upper middle income;-99.000000;;CO;COL;170;170;CO;COL;-99.000000;COL;COL;-99.000000;-99.000000;South America;Americas;South America;Latin America & Caribbean;8.000000;8.000000;4.000000;-99.000000;1.000000
1;Admin-0 country;5.000000;Costa Rica;CRI;0.000000;2.000000;Sovereign country;Costa Rica;CRI;0.000000;Costa Rica;CRI;0.000000;Costa Rica;CRI;0.000000;Costa Rica;Costa Rica;CRI;Costa Rica;;C.R.;CR;Republic of Costa Rica;;;;Costa Rica;;3.000000;2.000000;4.000000;2.000000;4253877.000000;48320.000000;-99.000000;2011.000000;-99.000000;5. Emerging region: G20;3. Upper middle income;-99.000000;;CR;CRI;188;188;CR;CRI;-99.000000;CRI;CRI;-99.000000;-99.000000;North America;Americas;Central America;Latin America & Caribbean;10.000000;10.000000;4.000000;-99.000000;1.000000
1;Admin-0 country;3.000000;Cuba;CUB;0.000000;2.000000;Sovereign country;Cuba;CUB;0.000000;Cuba;CUB;0.000000;Cuba;CUB;0.000000;Cuba;Cuba;CUB;Cuba;;Cuba;CU;Republic of Cuba;;;;Cuba;;3.000000;5.000000;3.000000;4.000000;11451652.000000;108200.000000;-99.000000;2002.000000;-99.000000;5. Emerging region: G20;3. Upper middle income;-99.000000;;CU;CUB;192;192;CU;CUB;-99.000000;CUB;CUB;-99.000000;-99.000000;North America;Americas;Caribbean;Latin America & Caribbean;4.000000;4.000000;4.000000;-99.000000;1.000000
1;Admin-0 country;6.000000;Northern Cyprus;CYN;0.000000;2.000000;Sovereign country;Northern Cyprus;CYN;0.000000;Northern Cyprus;CYN;0.000000;Northern Cyprus;CYN;1.000000;N. Cyprus;Northern Cyprus;B20;N. Cyprus;;N. Cy.;CN;Turkish Republic of Northern Cyprus;;Self admin.;"Self admin.; Claimed by Cyprus";Cyprus, Northern;;3.000000;1.000000;4.000000;8.000000;265100.000000;3600.000000;-99.000000;-99.000000;-99.000000;6. Developing region;3. Upper middle income;-99.000000;;-99;-99;-99;-099;-99;-99;-99.000000;CYP;CYP;-99.000000;-99.000000;Asia;Asia;Western Asia;Europe & Central Asia;9.000000;15.000000;6.000000;-99.000000;1.000000
1;Admin-0 country;5.000000;Cyprus;CYP;0.000000;2.000000;Sovereign country;Cyprus;CYP;0.000000;Cyprus;CYP;0.000000;Cyprus;CYP;0.000000;Cyprus;Cyprus;CYP;Cyprus;;Cyp.;CY;Republic of Cyprus;;;;Cyprus;;1.000000;2.000000;3.000000;7.000000;531640.000000;22700.000000;-99.000000;2001.000000;-99.000000;6. Developing region;2. High income: nonOECD;-99.000000;;CY;CYP;196;196;CY;CYP;-99.000000;CYP;CYP;-99.000000;-99.000000;Asia;Asia;Western Asia;Europe & Central Asia;6.000000;6.000000;4.000000;-99.000000;1.000000
1;Admin-0 country;5.000000;Czech Republic;CZE;0.000000;2.000000;Sovereign country;Czech Republic;CZE;0.000000;Czech Republic;CZE;0.000000;Czech Republic;CZE;0.000000;Czech Rep.;Czech Republic;CZE;Czech Rep.;;Cz. Rep.;CZ;Czech Republic;;;;Czech Republic;;1.000000;1.000000;2.000000;6.000000;10211904.000000;265200.000000;-99.000000;2011.000000;-99.000000;2. Developed region: nonG7;1. High income: OECD;-99.000000;;CZ;CZE;203;203;CZ;CZE;-99.000000;CZE;CZE;-99.000000;-99.000000;Europe;Europe;Eastern Europe;Europe & Central Asia;10.000000;14.000000;8.000000;-99.000000;1.000000
1;Admin-0 country;2.000000;Germany;DEU;0.000000;2.000000;Sovereign country;Germany;DEU;0.000000;Germany;DEU;0.000000;Germany;DEU;0.000000;Germany;Germany;DEU;Germany;;Ger.;D;Federal Republic of Germany;;;;Germany;;2.000000;5.000000;5.000000;1.000000;82329758.000000;2918000.000000;-99.000000;2011.000000;-99.000000;1. Developed region: G7;1. High income: OECD;-99.000000;;DE;DEU;276;276;DE;DEU;-99.000000;DEU;DEU;-99.000000;-99.000000;Europe;Europe;Western Europe;Europe & Central Asia;7.000000;7.000000;4.000000;-99.000000;1.000000
1;Admin-0 country;5.000000;Djibouti;DJI;0.000000;2.000000;Sovereign country;Djibouti;DJI;0.000000;Djibouti;DJI;0.000000;Djibouti;DJI;0.000000;Djibouti;Djibouti;DJI;Djibouti;;Dji.;DJ;Republic of Djibouti;;;;Djibouti;;1.000000;2.000000;4.000000;8.000000;516055.000000;1885.000000;-99.000000;2009.000000;-99.000000;7. Least developed region;4. Lower middle income;-99.000000;;DJ;DJI;262;262;DJ;DJI;-99.000000;DJI;DJI;-99.000000;-99.000000;Africa;Africa;Eastern Africa;Middle East & North Africa;8.000000;8.000000;4.000000;-99.000000;1.000000
1;Admin-0 country;4.000000;Denmark;DN1;1.000000;2.000000;Country;Denmark;DNK;0.000000;Denmark;DNK;0.000000;Denmark;DNK;0.000000;Denmark;Denmark;DNK;Denmark;;Den.;DK;Kingdom of Denmark;;;;Denmark;;4.000000;1.000000;3.000000;12.000000;5500510.000000;203600.000000;-99.000000;2011.000000;-99.000000;2. Developed region: nonG7;1. High income: OECD;-99.000000;;DK;DNK;208;208;DK;DNK;-99.000000;DNK;DNK;-99.000000;-99.000000;Europe;Europe;Northern Europe;Europe & Central Asia;7.000000;7.000000;4.000000;-99.000000;1.000000
1;Admin-0 country;5.000000;Dominican Republic;DOM;0.000000;2.000000;Sovereign country;Dominican Republic;DOM;0.000000;Dominican Republic;DOM;0.000000;Dominican Republic;DOM;0.000000;Dominican Rep.;Dominican Republic;DOM;Dominican Rep.;;Dom. Rep.;DO;Dominican Republic;;;;Dominican Republic;;5.000000;2.000000;5.000000;7.000000;9650054.000000;78000.000000;-99.000000;2010.000000;-99.000000;6. Developing region;3. Upper middle income;-99.000000;;DO;DOM;214;214;DO;DOM;-99.000000;DOM;DOM;-99.000000;-99.000000;North America;Americas;Caribbean;Latin America & Caribbean;14.000000;18.000000;9.000000;-99.000000;1.000000
1;Admin-0 country;3.000000;Algeria;DZA;0.000000;2.000000;Sovereign country;Algeria;DZA;0.000000;Algeria;DZA;0.000000;Algeria;DZA;0.000000;Algeria;Algeria;DZA;Algeria;;Alg.;DZ;People's Democratic Republic of Algeria;;;;Algeria;;5.000000;1.000000;6.000000;3.000000;34178188.000000;232900.000000;-99.000000;2008.000000;-99.000000;6. Developing region;3. Upper middle income;-99.000000;;DZ;DZA;012;012;DZ;DZA;-99.000000;DZA;DZA;-99.000000;-99.000000;Africa;Africa;Northern Africa;Middle East & North Africa;7.000000;7.000000;4.000000;-99.000000;1.000000
1;Admin-0 country;3.000000;Ecuador;ECU;0.000000;2.000000;Sovereign country;Ecuador;ECU;0.000000;Ecuador;ECU;0.000000;Ecuador;ECU;0.000000;Ecuador;Ecuador;ECU;Ecuador;;Ecu.;EC;Republic of Ecuador;;;;Ecuador;;1.000000;5.000000;2.000000;12.000000;14573101.000000;107700.000000;-99.000000;2010.000000;-99.000000;6. Developing region;3. Upper middle income;-99.000000;;EC;ECU;218;218;EC;ECU;-99.000000;ECU;ECU;-99.000000;-99.000000;South America;Americas;South America;Latin America & Caribbean;7.000000;7.000000;4.000000;-99.000000;1.000000
1;Admin-0 country;2.000000;Egypt;EGY;0.000000;2.000000;Sovereign country;Egypt;EGY;0.000000;Egypt;EGY;0.000000;Egypt;EGY;0.000000;Egypt;Egypt;EGY;Egypt;;Egypt;EG;Arab Republic of Egypt;;;;Egypt, Arab Rep.;;4.000000;6.000000;7.000000;2.000000;83082869.000000;443700.000000;-99.000000;2006.000000;-99.000000;5. Emerging region: G20;4. Lower middle income;-99.000000;;EG;EGY;818;818;EG;EGY;-99.000000;EGY;EGY;-99.000000;-99.000000;Africa;Africa;Northern Africa;Middle East & North Africa;5.000000;5.000000;5.000000;-99.000000;1.000000
1;Admin-0 country;4.000000;Eritrea;ERI;0.000000;2.000000;Sovereign country;Eritrea;ERI;0.000000;Eritrea;ERI;0.000000;Eritrea;ERI;0.000000;Eritrea;Eritrea;ERI;Eritrea;;Erit.;ER;State of Eritrea;;;;Eritrea;;3.000000;1.000000;2.000000;12.000000;5647168.000000;3945.000000;-99.000000;1984.000000;-99.000000;7. Least developed region;5. Low income;-99.000000;;ER;ERI;232;232;ER;ERI;-99.000000;ERI;ERI;-99.000000;-99.000000;Africa;Africa;Eastern Africa;Sub-Saharan Africa;7.000000;7.000000;5.000000;-99.000000;1.000000
1;Admin-0 country;2.000000;Spain;ESP;0.000000;2.000000;Sovereign country;Spain;ESP;0.000000;Spain;ESP;0.000000;Spain;ESP;0.000000;Spain;Spain;ESP;Spain;;Sp.;E;Kingdom of Spain;;;;Spain;;4.000000;5.000000;5.000000;5.000000;40525002.000000;1403000.000000;-99.000000;2001.000000;-99.000000;2. Developed region: nonG7;1. High income: OECD;-99.000000;;ES;ESP;724;724;ES;ESP;-99.000000;ESP;ESP;-99.000000;-99.000000;Europe;Europe;Southern Europe;Europe & Central Asia;5.000000;5.000000;3.000000;-99.000000;1.000000
1;Admin-0 country;6.000000;Estonia;EST;0.000000;2.000000;Sovereign country;Estonia;EST;0.000000;Estonia;EST;0.000000;Estonia;EST;0.000000;Estonia;Estonia;EST;Estonia;;Est.;EST;Republic of Estonia;;;;Estonia;;3.000000;2.000000;1.000000;10.000000;1299371.000000;27410.000000;-99.000000;2000.000000;-99.000000;2. Developed region: nonG7;1. High income: OECD;-99.000000;;EE;EST;233;233;EE;EST;-99.000000;EST;EST;-99.000000;-99.000000;Europe;Europe;Northern Europe;Europe & Central Asia;7.000000;7.000000;4.000000;-99.000000;1.000000
1;Admin-0 country;2.000000;Ethiopia;ETH;0.000000;2.000000;Sovereign country;Ethiopia;ETH;0.000000;Ethiopia;ETH;0.000000;Ethiopia;ETH;0.000000;Ethiopia;Ethiopia;ETH;Ethiopia;;Eth.;ET;Federal Democratic Republic of Ethiopia;;;;Ethiopia;;4.000000;4.000000;1.000000;13.000000;85237338.000000;68770.000000;-99.000000;2007.000000;-99.000000;7. Least developed region;5. Low income;-99.000000;;ET;ETH;231;231;ET;ETH;-99.000000;ETH;ETH;-99.000000;-99.000000;Africa;Africa;Eastern Africa;Sub-Saharan Africa;8.000000;8.000000;4.000000;-99.000000;1.000000
1;Admin-0 country;3.000000;Finland;FI1;1.000000;2.000000;Country;Finland;FIN;0.000000;Finland;FIN;0.000000;Finland;FIN;0.000000;Finland;Finland;FIN;Finland;;Fin.;FIN;Republic of Finland;;;;Finland;;4.000000;1.000000;4.000000;6.000000;5250275.000000;193500.000000;-99.000000;2010.000000;-99.000000;2. Developed region: nonG7;1. High income: OECD;-99.000000;;FI;FIN;246;246;FI;FIN;-99.000000;FIN;FIN;-99.000000;-99.000000;Europe;Europe;Northern Europe;Europe & Central Asia;7.000000;7.000000;4.000000;-99.000000;1.000000
1;Admin-0 country;6.000000;Fiji;FJI;0.000000;2.000000;Sovereign country;Fiji;FJI;0.000000;Fiji;FJI;0.000000;Fiji;FJI;0.000000;Fiji;Fiji;FJI;Fiji;;Fiji;FJ;Republic of Fiji;;;;Fiji;;5.000000;1.000000;2.000000;2.000000;944720.000000;3579.000000;-99.000000;2007.000000;-99.000000;6. Developing region;4. Lower middle income;-99.000000;;FJ;FJI;242;242;FJ;FJI;-99.000000;FJI;FJI;-99.000000;-99.000000;Oceania;Oceania;Melanesia;East Asia & Pacific;4.000000;4.000000;4.000000;-99.000000;1.000000
1;Admin-0 country;5.000000;United Kingdom;GB1;1.000000;2.000000;Dependency;Falkland Islands;FLK;0.000000;Falkland Islands;FLK;0.000000;Falkland Islands;FLK;1.000000;Falkland Is.;Falkland Islands;B12;Falkland Is.;;Flk. Is.;FK;Falkland Islands;;U.K.;"Admin. by U.K.; Claimed by Argentina";Falkland Islands;Islas Malvinas;6.000000;6.000000;6.000000;3.000000;3140.000000;105.100000;-99.000000;-99.000000;-99.000000;2. Developed region: nonG7;1. High income: OECD;-99.000000;;FK;FLK;238;238;-99;-99;-99.000000;FLK;FLK;-99.000000;-99.000000;South America;Americas;South America;Latin America & Caribbean;12.000000;16.000000;8.000000;-99.000000;-99.000000
1;Admin-0 country;2.000000;France;FR1;1.000000;2.000000;Country;France;FRA;0.000000;France;FRA;0.000000;France;FRA;0.000000;France;France;FRA;France;;Fr.;F;French Republic;;;;France;;7.000000;5.000000;9.000000;11.000000;64057792.000000;2128000.000000;-99.000000;-99.000000;-99.000000;1. Developed region: G7;1. High income: OECD;-99.000000;;FR;FRA;250;250;FR;FRA;-99.000000;FRA;FRA;-99.000000;-99.000000;Europe;Europe;Western Europe;Europe & Central Asia;6.000000;6.000000;3.000000;-99.000000;1.000000
1;Admin-0 country;4.000000;Gabon;GAB;0.000000;2.000000;Sovereign country;Gabon;GAB;0.000000;Gabon;GAB;0.000000;Gabon;GAB;0.000000;Gabon;Gabon;GAB;Gabon;;Gabon;GA;Gabonese Republic;;;;Gabon;;6.000000;2.000000;5.000000;5.000000;1514993.000000;21110.000000;-99.000000;2003.000000;-99.000000;6. Developing region;3. Upper middle income;-99.000000;;GA;GAB;266;266;GA;GAB;-99.000000;GAB;GAB;-99.000000;-99.000000;Africa;Africa;Middle Africa;Sub-Saharan Africa;5.000000;5.000000;5.000000;3.000000;1.000000
1;Admin-0 country;2.000000;United Kingdom;GB1;1.000000;2.000000;Country;United Kingdom;GBR;0.000000;United Kingdom;GBR;0.000000;United Kingdom;GBR;0.000000;United Kingdom;United Kingdom;GBR;United Kingdom;;U.K.;GB;United Kingdom of Great Britain and Northern Ireland;;;;United Kingdom;;6.000000;6.000000;6.000000;3.000000;62262000.000000;1977704.000000;0.000000;2011.000000;2009.000000;1. Developed region: G7;1. High income: OECD;-99.000000;;GB;GBR;826;826;GB;GBR;-99.000000;GBR;GBR;-99.000000;-99.000000;Europe;Europe;Northern Europe;Europe & Central Asia;14.000000;14.000000;4.000000;-99.000000;1.000000
1;Admin-0 country;5.000000;Georgia;GEO;0.000000;2.000000;Sovereign country;Georgia;GEO;0.000000;Georgia;GEO;0.000000;Georgia;GEO;0.000000;Georgia;Georgia;GEO;Georgia;;Geo.;GE;Georgia;;;;Georgia;;5.000000;1.000000;3.000000;2.000000;4615807.000000;21510.000000;-99.000000;2002.000000;-99.000000;6. Developing region;4. Lower middle income;-99.000000;;GE;GEO;268;268;GE;GEO;-99.000000;GEO;GEO;-99.000000;-99.000000;Asia;Asia;Western Asia;Europe & Central Asia;7.000000;7.000000;4.000000;-99.000000;1.000000
1;Admin-0 country;3.000000;Ghana;GHA;0.000000;2.000000;Sovereign country;Ghana;GHA;0.000000;Ghana;GHA;0.000000;Ghana;GHA;0.000000;Ghana;Ghana;GHA;Ghana;;Ghana;GH;Republic of Ghana;;;;Ghana;;5.000000;3.000000;1.000000;4.000000;23832495.000000;34200.000000;-99.000000;2010.000000;-99.000000;6. Developing region;4. Lower middle income;-99.000000;;GH;GHA;288;288;GH;GHA;-99.000000;GHA;GHA;-99.000000;-99.000000;Africa;Africa;Western Africa;Sub-Saharan Africa;5.000000;5.000000;5.000000;-99.000000;1.000000
1;Admin-0 country;3.000000;Guinea;GIN;0.000000;2.000000;Sovereign country;Guinea;GIN;0.000000;Guinea;GIN;0.000000;Guinea;GIN;0.000000;Guinea;Guinea;GIN;Guinea;;Gin.;GN;Republic of Guinea;;;;Guinea;;6.000000;3.000000;7.000000;2.000000;10057975.000000;10600.000000;-99.000000;1996.000000;-99.000000;7. Least developed region;5. Low income;-99.000000;;GN;GIN;324;324;GN;GIN;-99.000000;GIN;GIN;-99.000000;-99.000000;Africa;Africa;Western Africa;Sub-Saharan Africa;6.000000;6.000000;4.000000;-99.000000;1.000000
1;Admin-0 country;6.000000;Gambia;GMB;0.000000;2.000000;Sovereign country;Gambia;GMB;0.000000;Gambia;GMB;0.000000;Gambia;GMB;0.000000;Gambia;The Gambia;GMB;Gambia;;Gambia;GM;Republic of the Gambia;;;;Gambia, The;;1.000000;4.000000;1.000000;8.000000;1782893.000000;2272.000000;-99.000000;2003.000000;-99.000000;7. Least developed region;5. Low income;-99.000000;;GM;GMB;270;270;GM;GMB;-99.000000;GMB;GMB;-99.000000;-99.000000;Africa;Africa;Western Africa;Sub-Saharan Africa;6.000000;10.000000;6.000000;-99.000000;1.000000
1;Admin-0 country;6.000000;Guinea Bissau;GNB;0.000000;2.000000;Sovereign country;Guinea Bissau;GNB;0.000000;Guinea Bissau;GNB;0.000000;Guinea Bissau;GNB;0.000000;Guinea-Bissau;Guinea-Bissau;GNB;Guinea-Bissau;;GnB.;GW;Republic of Guinea-Bissau;;;;Guinea-Bissau;;3.000000;5.000000;3.000000;4.000000;1533964.000000;904.200000;-99.000000;2009.000000;-99.000000;7. Least developed region;5. Low income;-99.000000;;GW;GNB;624;624;GW;GNB;-99.000000;GNB;GNB;-99.000000;-99.000000;Africa;Africa;Western Africa;Sub-Saharan Africa;13.000000;13.000000;4.000000;-99.000000;1.000000
1;Admin-0 country;4.000000;Equatorial Guinea;GNQ;0.000000;2.000000;Sovereign country;Equatorial Guinea;GNQ;0.000000;Equatorial Guinea;GNQ;0.000000;Equatorial Guinea;GNQ;0.000000;Eq. Guinea;Equatorial Guinea;GNQ;Eq. Guinea;;Eq. G.;GQ;Republic of Equatorial Guinea;;;;Equatorial Guinea;;4.000000;1.000000;4.000000;8.000000;650702.000000;14060.000000;0.000000;2002.000000;0.000000;7. Least developed region;2. High income: nonOECD;-99.000000;;GQ;GNQ;226;226;GQ;GNQ;-99.000000;GNQ;GNQ;-99.000000;-99.000000;Africa;Africa;Middle Africa;Sub-Saharan Africa;10.000000;17.000000;6.000000;-99.000000;1.000000
1;Admin-0 country;3.000000;Greece;GRC;0.000000;2.000000;Sovereign country;Greece;GRC;0.000000;Greece;GRC;0.000000;Greece;GRC;0.000000;Greece;Greece;GRC;Greece;;Greece;GR;Hellenic Republic;;;;Greece;;2.000000;2.000000;2.000000;9.000000;10737428.000000;343000.000000;-99.000000;2011.000000;-99.000000;2. Developed region: nonG7;1. High income: OECD;-99.000000;;GR;GRC;300;300;GR;GRC;-99.000000;GRC;GRC;-99.000000;-99.000000;Europe;Europe;Southern Europe;Europe & Central Asia;6.000000;6.000000;6.000000;-99.000000;1.000000
1;Admin-0 country;3.000000;Denmark;DN1;1.000000;2.000000;Country;Greenland;GRL;0.000000;Greenland;GRL;0.000000;Greenland;GRL;0.000000;Greenland;Greenland;GRL;Greenland;;Grlnd.;GL;Greenland;;Den.;;Greenland;;4.000000;1.000000;3.000000;12.000000;57600.000000;1100.000000;-99.000000;2010.000000;-99.000000;2. Developed region: nonG7;2. High income: nonOECD;-99.000000;;GL;GRL;304;304;GL;GRL;-99.000000;GRL;GRL;-99.000000;-99.000000;North America;Americas;Northern America;Europe & Central Asia;9.000000;9.000000;6.000000;-99.000000;-99.000000
1;Admin-0 country;3.000000;Guatemala;GTM;0.000000;2.000000;Sovereign country;Guatemala;GTM;0.000000;Guatemala;GTM;0.000000;Guatemala;GTM;0.000000;Guatemala;Guatemala;GTM;Guatemala;;Guat.;GT;Republic of Guatemala;;;;Guatemala;;3.000000;3.000000;3.000000;6.000000;13276517.000000;68580.000000;-99.000000;2002.000000;-99.000000;6. Developing region;4. Lower middle income;-99.000000;;GT;GTM;320;320;GT;GTM;-99.000000;GTM;GTM;-99.000000;-99.000000;North America;Americas;Central America;Latin America & Caribbean;9.000000;9.000000;5.000000;4.000000;1.000000
1;Admin-0 country;4.000000;Guyana;GUY;0.000000;2.000000;Sovereign country;Guyana;GUY;0.000000;Guyana;GUY;0.000000;Guyana;GUY;0.000000;Guyana;Guyana;GUY;Guyana;;Guy.;GY;Co-operative Republic of Guyana;;;;Guyana;;3.000000;1.000000;4.000000;8.000000;772298.000000;2966.000000;-99.000000;2002.000000;-99.000000;6. Developing region;4. Lower middle income;-99.000000;;GY;GUY;328;328;GY;GUY;-99.000000;GUY;GUY;-99.000000;-99.000000;South America;Americas;South America;Latin America & Caribbean;6.000000;6.000000;4.000000;-99.000000;1.000000
1;Admin-0 country;5.000000;Honduras;HND;0.000000;2.000000;Sovereign country;Honduras;HND;0.000000;Honduras;HND;0.000000;Honduras;HND;0.000000;Honduras;Honduras;HND;Honduras;;Hond.;HN;Republic of Honduras;;;;Honduras;;2.000000;5.000000;2.000000;5.000000;7792854.000000;33720.000000;-99.000000;2001.000000;-99.000000;6. Developing region;4. Lower middle income;-99.000000;;HN;HND;340;340;HN;HND;-99.000000;HND;HND;-99.000000;-99.000000;North America;Americas;Central America;Latin America & Caribbean;8.000000;8.000000;5.000000;-99.000000;1.000000
1;Admin-0 country;6.000000;Croatia;HRV;0.000000;2.000000;Sovereign country;Croatia;HRV;0.000000;Croatia;HRV;0.000000;Croatia;HRV;0.000000;Croatia;Croatia;HRV;Croatia;;Cro.;HR;Republic of Croatia;;;;Croatia;;5.000000;4.000000;5.000000;1.000000;4489409.000000;82390.000000;-99.000000;2011.000000;-99.000000;2. Developed region: nonG7;2. High income: nonOECD;-99.000000;;HR;HRV;191;191;HR;HRV;-99.000000;HRV;HRV;-99.000000;-99.000000;Europe;Europe;Southern Europe;Europe & Central Asia;7.000000;7.000000;4.000000;-99.000000;1.000000
1;Admin-0 country;5.000000;Haiti;HTI;0.000000;2.000000;Sovereign country;Haiti;HTI;0.000000;Haiti;HTI;0.000000;Haiti;HTI;0.000000;Haiti;Haiti;HTI;Haiti;;Haiti;HT;Republic of Haiti;;;;Haiti;;2.000000;1.000000;7.000000;2.000000;9035536.000000;11500.000000;-99.000000;2003.000000;-99.000000;7. Least developed region;5. Low income;-99.000000;;HT;HTI;332;332;HT;HTI;-99.000000;HTI;HTI;-99.000000;-99.000000;North America;Americas;Caribbean;Latin America & Caribbean;5.000000;5.000000;5.000000;-99.000000;1.000000
1;Admin-0 country;5.000000;Hungary;HUN;0.000000;2.000000;Sovereign country;Hungary;HUN;0.000000;Hungary;HUN;0.000000;Hungary;HUN;0.000000;Hungary;Hungary;HUN;Hungary;;Hun.;HU;Republic of Hungary;;;;Hungary;;4.000000;6.000000;1.000000;5.000000;9905596.000000;196600.000000;-99.000000;2001.000000;-99.000000;2. Developed region: nonG7;1. High income: OECD;-99.000000;;HU;HUN;348;348;HU;HUN;-99.000000;HUN;HUN;-99.000000;-99.000000;Europe;Europe;Eastern Europe;Europe & Central Asia;7.000000;7.000000;4.000000;-99.000000;1.000000
1;Admin-0 country;2.000000;Indonesia;IDN;0.000000;2.000000;Sovereign country;Indonesia;IDN;0.000000;Indonesia;IDN;0.000000;Indonesia;IDN;0.000000;Indonesia;Indonesia;IDN;Indonesia;;Indo.;INDO;Republic of Indonesia;;;;Indonesia;;6.000000;6.000000;6.000000;11.000000;240271522.000000;914600.000000;-99.000000;2010.000000;-99.000000;4. Emerging region: MIKT;4. Lower middle income;-99.000000;;ID;IDN;360;360;ID;IDN;-99.000000;IDN;IDN;-99.000000;-99.000000;Asia;Asia;South-Eastern Asia;East Asia & Pacific;9.000000;9.000000;5.000000;-99.000000;1.000000
1;Admin-0 country;2.000000;India;IND;0.000000;2.000000;Sovereign country;India;IND;0.000000;India;IND;0.000000;India;IND;0.000000;India;India;IND;India;;India;IND;Republic of India;;;;India;;1.000000;3.000000;2.000000;2.000000;1166079220.000000;3297000.000000;-99.000000;2011.000000;-99.000000;3. Emerging region: BRIC;4. Lower middle income;-99.000000;;IN;IND;356;356;IN;IND;-99.000000;IND;IND;-99.000000;-99.000000;Asia;Asia;Southern Asia;South Asia;5.000000;5.000000;5.000000;-99.000000;1.000000
1;Admin-0 country;3.000000;Ireland;IRL;0.000000;2.000000;Sovereign country;Ireland;IRL;0.000000;Ireland;IRL;0.000000;Ireland;IRL;0.000000;Ireland;Ireland;IRL;Ireland;;Ire.;IRL;Ireland;;;;Ireland;;2.000000;3.000000;2.000000;2.000000;4203200.000000;188400.000000;-99.000000;2011.000000;-99.000000;2. Developed region: nonG7;1. High income: OECD;-99.000000;;IE;IRL;372;372;IE;IRL;-99.000000;IRL;IRL;-99.000000;-99.000000;Europe;Europe;Northern Europe;Europe & Central Asia;7.000000;7.000000;4.000000;-99.000000;1.000000
1;Admin-0 country;2.000000;Iran;IRN;0.000000;2.000000;Sovereign country;Iran;IRN;0.000000;Iran;IRN;0.000000;Iran;IRN;0.000000;Iran;Iran;IRN;Iran;;Iran;IRN;Islamic Republic of Iran;;;;Iran, Islamic Rep.;;4.000000;3.000000;4.000000;13.000000;66429284.000000;841700.000000;-99.000000;2006.000000;-99.000000;5. Emerging region: G20;3. Upper middle income;-99.000000;;IR;IRN;364;364;IR;IRN;-99.000000;IRN;IRN;-99.000000;-99.000000;Asia;Asia;Southern Asia;Middle East & North Africa;4.000000;4.000000;4.000000;-99.000000;1.000000
1;Admin-0 country;3.000000;Iraq;IRQ;0.000000;2.000000;Sovereign country;Iraq;IRQ;0.000000;Iraq;IRQ;0.000000;Iraq;IRQ;0.000000;Iraq;Iraq;IRQ;Iraq;;Iraq;IRQ;Republic of Iraq;;;;Iraq;;1.000000;4.000000;3.000000;1.000000;31129225.000000;103900.000000;-99.000000;1997.000000;-99.000000;6. Developing region;4. Lower middle income;-99.000000;;IQ;IRQ;368;368;IQ;IRQ;-99.000000;IRQ;IRQ;-99.000000;-99.000000;Asia;Asia;Western Asia;Middle East & North Africa;4.000000;4.000000;4.000000;-99.000000;1.000000
1;Admin-0 country;3.000000;Iceland;ISL;0.000000;2.000000;Sovereign country;Iceland;ISL;0.000000;Iceland;ISL;0.000000;Iceland;ISL;0.000000;Iceland;Iceland;ISL;Iceland;;Iceland;IS;Republic of Iceland;;;;Iceland;;1.000000;4.000000;4.000000;9.000000;306694.000000;12710.000000;-99.000000;-99.000000;-99.000000;2. Developed region: nonG7;1. High income: OECD;-99.000000;;IS;ISL;352;352;IS;ISL;-99.000000;ISL;ISL;-99.000000;-99.000000;Europe;Europe;Northern Europe;Europe & Central Asia;7.000000;7.000000;7.000000;-99.000000;1.000000
1;Admin-0 country;4.000000;Israel;ISR;0.000000;2.000000;Sovereign country;Israel;ISR;0.000000;Israel;ISR;0.000000;Israel;ISR;0.000000;Israel;Israel;ISR;Israel;;Isr.;IS;State of Israel;;;;Israel;;3.000000;2.000000;5.000000;9.000000;7233701.000000;201400.000000;-99.000000;2009.000000;-99.000000;2. Developed region: nonG7;1. High income: OECD;-99.000000;;IL;ISR;376;376;IL;ISR;-99.000000;ISR;ISR;-99.000000;-99.000000;Asia;Asia;Western Asia;Middle East & North Africa;6.000000;6.000000;4.000000;-99.000000;1.000000
1;Admin-0 country;2.000000;Italy;ITA;0.000000;2.000000;Sovereign country;Italy;ITA;0.000000;Italy;ITA;0.000000;Italy;ITA;0.000000;Italy;Italy;ITA;Italy;;Italy;I;Italian Republic;;;;Italy;;6.000000;7.000000;8.000000;7.000000;58126212.000000;1823000.000000;-99.000000;2012.000000;-99.000000;1. Developed region: G7;1. High income: OECD;-99.000000;;IT;ITA;380;380;IT;ITA;-99.000000;ITA;ITA;-99.000000;-99.000000;Europe;Europe;Southern Europe;Europe & Central Asia;5.000000;5.000000;5.000000;-99.000000;1.000000
1;Admin-0 country;4.000000;Jamaica;JAM;0.000000;2.000000;Sovereign country;Jamaica;JAM;0.000000;Jamaica;JAM;0.000000;Jamaica;JAM;0.000000;Jamaica;Jamaica;JAM;Jamaica;;Jam.;J;Jamaica;;;;Jamaica;;1.000000;2.000000;4.000000;10.000000;2825928.000000;20910.000000;-99.000000;2011.000000;-99.000000;6. Developing region;3. Upper middle income;-99.000000;;JM;JAM;388;388;JM;JAM;-99.000000;JAM;JAM;-99.000000;-99.000000;North America;Americas;Caribbean;Latin America & Caribbean;7.000000;7.000000;4.000000;-99.000000;1.000000
1;Admin-0 country;4.000000;Jordan;JOR;0.000000;2.000000;Sovereign country;Jordan;JOR;0.000000;Jordan;JOR;0.000000;Jordan;JOR;0.000000;Jordan;Jordan;JOR;Jordan;;Jord.;J;Hashemite Kingdom of Jordan;;;;Jordan;;5.000000;3.000000;4.000000;4.000000;6342948.000000;31610.000000;-99.000000;2004.000000;-99.000000;6. Developing region;3. Upper middle income;-99.000000;;JO;JOR;400;400;JO;JOR;-99.000000;JOR;JOR;-99.000000;-99.000000;Asia;Asia;Western Asia;Middle East & North Africa;6.000000;6.000000;5.000000;-99.000000;1.000000
1;Admin-0 country;2.000000;Japan;JPN;0.000000;2.000000;Sovereign country;Japan;JPN;0.000000;Japan;JPN;0.000000;Japan;JPN;0.000000;Japan;Japan;JPN;Japan;;Japan;J;Japan;;;;Japan;;5.000000;3.000000;5.000000;4.000000;127078679.000000;4329000.000000;-99.000000;2010.000000;-99.000000;1. Developed region: G7;1. High income: OECD;-99.000000;;JP;JPN;392;392;JP;JPN;-99.000000;JPN;JPN;-99.000000;-99.000000;Asia;Asia;Eastern Asia;East Asia & Pacific;5.000000;5.000000;5.000000;-99.000000;1.000000
1;Admin-0 country;3.000000;Kazakhstan;KAZ;0.000000;2.000000;Sovereign country;Kazakhstan;KAZ;0.000000;Kazakhstan;KAZ;0.000000;Kazakhstan;KAZ;0.000000;Kazakhstan;Kazakhstan;KAZ;Kazakhstan;;Kaz.;KZ;Republic of Kazakhstan;;;;Kazakhstan;;6.000000;1.000000;6.000000;1.000000;15399437.000000;175800.000000;-99.000000;2009.000000;-99.000000;6. Developing region;3. Upper middle income;-99.000000;;KZ;KAZ;398;398;KZ;KAZ;-99.000000;KAZ;KAZ;-99.000000;-99.000000;Asia;Asia;Central Asia;Europe & Central Asia;10.000000;10.000000;4.000000;-99.000000;1.000000
1;Admin-0 country;2.000000;Kenya;KEN;0.000000;2.000000;Sovereign country;Kenya;KEN;0.000000;Kenya;KEN;0.000000;Kenya;KEN;0.000000;Kenya;Kenya;KEN;Kenya;;Ken.;KE;Republic of Kenya;;;;Kenya;;5.000000;2.000000;7.000000;3.000000;39002772.000000;61510.000000;-99.000000;2009.000000;-99.000000;5. Emerging region: G20;5. Low income;-99.000000;;KE;KEN;404;404;KE;KEN;-99.000000;KEN;KEN;-99.000000;-99.000000;Africa;Africa;Eastern Africa;Sub-Saharan Africa;5.000000;5.000000;4.000000;-99.000000;1.000000
1;Admin-0 country;4.000000;Kyrgyzstan;KGZ;0.000000;2.000000;Sovereign country;Kyrgyzstan;KGZ;0.000000;Kyrgyzstan;KGZ;0.000000;Kyrgyzstan;KGZ;0.000000;Kyrgyzstan;Kyrgyzstan;KGZ;Kyrgyzstan;;Kgz.;KG;Kyrgyz Republic;;;;Kyrgyz Republic;;5.000000;7.000000;7.000000;6.000000;5431747.000000;11610.000000;-99.000000;2009.000000;-99.000000;6. Developing region;5. Low income;-99.000000;;KG;KGZ;417;417;KG;KGZ;-99.000000;KGZ;KGZ;-99.000000;-99.000000;Asia;Asia;Central Asia;Europe & Central Asia;10.000000;10.000000;4.000000;-99.000000;1.000000
1;Admin-0 country;3.000000;Cambodia;KHM;0.000000;2.000000;Sovereign country;Cambodia;KHM;0.000000;Cambodia;KHM;0.000000;Cambodia;KHM;0.000000;Cambodia;Cambodia;KHM;Cambodia;;Camb.;KH;Kingdom of Cambodia;;;;Cambodia;;6.000000;3.000000;6.000000;5.000000;14494293.000000;27940.000000;-99.000000;2008.000000;-99.000000;7. Least developed region;5. Low income;-99.000000;;KH;KHM;116;116;KH;KHM;-99.000000;KHM;KHM;-99.000000;-99.000000;Asia;Asia;South-Eastern Asia;East Asia & Pacific;8.000000;8.000000;5.000000;-99.000000;1.000000
1;Admin-0 country;2.000000;South Korea;KOR;0.000000;2.000000;Sovereign country;South Korea;KOR;0.000000;South Korea;KOR;0.000000;South Korea;KOR;0.000000;Korea;Republic of Korea;KOR;Republic of Korea;;S.K.;KR;Republic of Korea;;;;Korea, Rep.;;4.000000;1.000000;1.000000;5.000000;48508972.000000;1335000.000000;-99.000000;2010.000000;-99.000000;4. Emerging region: MIKT;1. High income: OECD;-99.000000;;KR;KOR;410;410;KR;KOR;-99.000000;KOR;KOR;-99.000000;-99.000000;Asia;Asia;Eastern Asia;East Asia & Pacific;5.000000;17.000000;4.000000;-99.000000;1.000000
1;Admin-0 country;6.000000;Kosovo;KOS;0.000000;2.000000;Sovereign country;Kosovo;KOS;0.000000;Kosovo;KOS;0.000000;Kosovo;KOS;1.000000;Kosovo;Kosovo;B57;Kosovo;;Kos.;KO;Republic of Kosovo;;;"Self admin.; Claimed by Serbia";Kosovo;;2.000000;2.000000;3.000000;11.000000;1804838.000000;5352.000000;-99.000000;1981.000000;-99.000000;6. Developing region;4. Lower middle income;-99.000000;;-99;-99;-99;-099;KV;KSV;-99.000000;SRB;KOS;-99.000000;-99.000000;Europe;Europe;Southern Europe;Europe & Central Asia;6.000000;6.000000;4.000000;-99.000000;1.000000
1;Admin-0 country;6.000000;Kuwait;KWT;0.000000;2.000000;Sovereign country;Kuwait;KWT;0.000000;Kuwait;KWT;0.000000;Kuwait;KWT;0.000000;Kuwait;Kuwait;KWT;Kuwait;;Kwt.;KW;State of Kuwait;;;;Kuwait;;2.000000;2.000000;2.000000;2.000000;2691158.000000;149100.000000;-99.000000;2010.000000;-99.000000;6. Developing region;2. High income: nonOECD;-99.000000;;KW;KWT;414;414;KW;KWT;-99.000000;KWT;KWT;-99.000000;-99.000000;Asia;Asia;Western Asia;Middle East & North Africa;6.000000;6.000000;4.000000;-99.000000;1.000000
1;Admin-0 country;4.000000;Laos;LAO;0.000000;2.000000;Sovereign country;Laos;LAO;0.000000;Laos;LAO;0.000000;Laos;LAO;0.000000;Lao PDR;Lao PDR;LAO;Laos;;Laos;LA;Lao People's Democratic Republic;;;;Lao PDR;;1.000000;1.000000;1.000000;9.000000;6834942.000000;13980.000000;-99.000000;2005.000000;-99.000000;7. Least developed region;4. Lower middle income;-99.000000;;LA;LAO;418;418;LA;LAO;-99.000000;LAO;LAO;-99.000000;-99.000000;Asia;Asia;South-Eastern Asia;East Asia & Pacific;7.000000;7.000000;4.000000;-99.000000;1.000000
1;Admin-0 country;5.000000;Lebanon;LBN;0.000000;2.000000;Sovereign country;Lebanon;LBN;0.000000;Lebanon;LBN;0.000000;Lebanon;LBN;0.000000;Lebanon;Lebanon;LBN;Lebanon;;Leb.;LB;Lebanese Republic;;;;Lebanon;;4.000000;4.000000;4.000000;12.000000;4017095.000000;44060.000000;-99.000000;1970.000000;-99.000000;6. Developing region;3. Upper middle income;-99.000000;;LB;LBN;422;422;LB;LBN;-99.000000;LBN;LBN;-99.000000;-99.000000;Asia;Asia;Western Asia;Middle East & North Africa;7.000000;7.000000;4.000000;4.000000;1.000000
1;Admin-0 country;4.000000;Liberia;LBR;0.000000;2.000000;Sovereign country;Liberia;LBR;0.000000;Liberia;LBR;0.000000;Liberia;LBR;0.000000;Liberia;Liberia;LBR;Liberia;;Liberia;LR;Republic of Liberia;;;;Liberia;;2.000000;3.000000;4.000000;9.000000;3441790.000000;1526.000000;-99.000000;2008.000000;-99.000000;7. Least developed region;5. Low income;-99.000000;;LR;LBR;430;430;LR;LBR;-99.000000;LBR;LBR;-99.000000;-99.000000;Africa;Africa;Western Africa;Sub-Saharan Africa;7.000000;7.000000;7.000000;-99.000000;1.000000
1;Admin-0 country;3.000000;Libya;LBY;0.000000;2.000000;Sovereign country;Libya;LBY;0.000000;Libya;LBY;0.000000;Libya;LBY;0.000000;Libya;Libya;LBY;Libya;;Libya;LY;Libya;;;;Libya;;1.000000;2.000000;2.000000;11.000000;6310434.000000;88830.000000;-99.000000;2006.000000;-99.000000;6. Developing region;3. Upper middle income;-99.000000;;LY;LBY;434;434;LY;LBY;-99.000000;LBY;LBY;-99.000000;-99.000000;Africa;Africa;Northern Africa;Middle East & North Africa;5.000000;5.000000;5.000000;-99.000000;1.000000
1;Admin-0 country;3.000000;Sri Lanka;LKA;0.000000;2.000000;Sovereign country;Sri Lanka;LKA;0.000000;Sri Lanka;LKA;0.000000;Sri Lanka;LKA;0.000000;Sri Lanka;Sri Lanka;LKA;Sri Lanka;;Sri L.;LK;Democratic Socialist Republic of Sri Lanka;;;;Sri Lanka;;3.000000;5.000000;4.000000;9.000000;21324791.000000;91870.000000;-99.000000;2001.000000;-99.000000;6. Developing region;4. Lower middle income;-99.000000;;LK;LKA;144;144;LK;LKA;-99.000000;LKA;LKA;-99.000000;-99.000000;Asia;Asia;Southern Asia;South Asia;9.000000;9.000000;6.000000;-99.000000;1.000000
1;Admin-0 country;6.000000;Lesotho;LSO;0.000000;2.000000;Sovereign country;Lesotho;LSO;0.000000;Lesotho;LSO;0.000000;Lesotho;LSO;0.000000;Lesotho;Lesotho;LSO;Lesotho;;Les.;LS;Kingdom of Lesotho;;;;Lesotho;;1.000000;5.000000;2.000000;8.000000;2130819.000000;3293.000000;-99.000000;2006.000000;-99.000000;7. Least developed region;4. Lower middle income;-99.000000;;LS;LSO;426;426;LS;LSO;-99.000000;LSO;LSO;-99.000000;-99.000000;Africa;Africa;Southern Africa;Sub-Saharan Africa;7.000000;7.000000;4.000000;-99.000000;1.000000
1;Admin-0 country;5.000000;Lithuania;LTU;0.000000;2.000000;Sovereign country;Lithuania;LTU;0.000000;Lithuania;LTU;0.000000;Lithuania;LTU;0.000000;Lithuania;Lithuania;LTU;Lithuania;;Lith.;LT;Republic of Lithuania;;;;Lithuania;;6.000000;3.000000;3.000000;9.000000;3555179.000000;63330.000000;-99.000000;2011.000000;-99.000000;2. Developed region: nonG7;3. Upper middle income;-99.000000;;LT;LTU;440;440;LT;LTU;-99.000000;LTU;LTU;-99.000000;-99.000000;Europe;Europe;Northern Europe;Europe & Central Asia;9.000000;9.000000;5.000000;-99.000000;1.000000
1;Admin-0 country;6.000000;Luxembourg;LUX;0.000000;2.000000;Sovereign country;Luxembourg;LUX;0.000000;Luxembourg;LUX;0.000000;Luxembourg;LUX;0.000000;Luxembourg;Luxembourg;LUX;Luxembourg;;Lux.;L;Grand Duchy of Luxembourg;;;;Luxembourg;;1.000000;7.000000;3.000000;7.000000;491775.000000;39370.000000;-99.000000;2011.000000;-99.000000;2. Developed region: nonG7;1. High income: OECD;-99.000000;;LU;LUX;442;442;LU;LUX;-99.000000;LUX;LUX;-99.000000;-99.000000;Europe;Europe;Western Europe;Europe & Central Asia;10.000000;10.000000;4.000000;5.000000;1.000000
1;Admin-0 country;5.000000;Latvia;LVA;0.000000;2.000000;Sovereign country;Latvia;LVA;0.000000;Latvia;LVA;0.000000;Latvia;LVA;0.000000;Latvia;Latvia;LVA;Latvia;;Lat.;LV;Republic of Latvia;;;;Latvia;;4.000000;7.000000;6.000000;13.000000;2231503.000000;38860.000000;-99.000000;2011.000000;-99.000000;2. Developed region: nonG7;3. Upper middle income;-99.000000;;LV;LVA;428;428;LV;LVA;-99.000000;LVA;LVA;-99.000000;-99.000000;Europe;Europe;Northern Europe;Europe & Central Asia;6.000000;6.000000;4.000000;-99.000000;1.000000
1;Admin-0 country;3.000000;Morocco;MAR;0.000000;2.000000;Sovereign country;Morocco;MAR;0.000000;Morocco;MAR;0.000000;Morocco;MAR;0.000000;Morocco;Morocco;MAR;Morocco;;Mor.;MA;Kingdom of Morocco;;;;Morocco;;2.000000;2.000000;3.000000;9.000000;34859364.000000;136600.000000;-99.000000;2004.000000;-99.000000;6. Developing region;4. Lower middle income;-99.000000;;MA;MAR;504;504;MA;MAR;-99.000000;MAR;MAR;-99.000000;-99.000000;Africa;Africa;Northern Africa;Middle East & North Africa;7.000000;7.000000;4.000000;-99.000000;1.000000
1;Admin-0 country;6.000000;Moldova;MDA;0.000000;2.000000;Sovereign country;Moldova;MDA;0.000000;Moldova;MDA;0.000000;Moldova;MDA;0.000000;Moldova;Moldova;MDA;Moldova;;Mda.;MD;Republic of Moldova;;;;Moldova;;3.000000;5.000000;4.000000;12.000000;4320748.000000;10670.000000;-99.000000;2004.000000;-99.000000;6. Developing region;4. Lower middle income;-99.000000;;MD;MDA;498;498;MD;MDA;-99.000000;MDA;MDA;-99.000000;-99.000000;Europe;Europe;Eastern Europe;Europe & Central Asia;7.000000;7.000000;4.000000;-99.000000;1.000000
1;Admin-0 country;3.000000;Madagascar;MDG;0.000000;2.000000;Sovereign country;Madagascar;MDG;0.000000;Madagascar;MDG;0.000000;Madagascar;MDG;0.000000;Madagascar;Madagascar;MDG;Madagascar;;Mad.;MG;Republic of Madagascar;;;;Madagascar;;6.000000;5.000000;2.000000;3.000000;20653556.000000;20130.000000;-99.000000;1993.000000;-99.000000;7. Least developed region;5. Low income;-99.000000;;MG;MDG;450;450;MG;MDG;-99.000000;MDG;MDG;-99.000000;-99.000000;Africa;Africa;Eastern Africa;Sub-Saharan Africa;10.000000;10.000000;4.000000;-99.000000;1.000000
1;Admin-0 country;2.000000;Mexico;MEX;0.000000;2.000000;Sovereign country;Mexico;MEX;0.000000;Mexico;MEX;0.000000;Mexico;MEX;0.000000;Mexico;Mexico;MEX;Mexico;;Mex.;MX;United Mexican States;;;;Mexico;;6.000000;1.000000;7.000000;3.000000;111211789.000000;1563000.000000;-99.000000;2010.000000;-99.000000;4. Emerging region: MIKT;3. Upper middle income;-99.000000;;MX;MEX;484;484;MX;MEX;-99.000000;MEX;MEX;-99.000000;-99.000000;North America;Americas;Central America;Latin America & Caribbean;6.000000;6.000000;4.000000;-99.000000;1.000000
1;Admin-0 country;6.000000;Macedonia;MKD;0.000000;2.000000;Sovereign country;Macedonia;MKD;0.000000;Macedonia;MKD;0.000000;Macedonia;MKD;0.000000;Macedonia;Macedonia;MKD;Macedonia;;Mkd.;MK;Former Yugoslav Republic of Macedonia;;;;Macedonia, FYR;;5.000000;3.000000;7.000000;3.000000;2066718.000000;18780.000000;-99.000000;2010.000000;-99.000000;6. Developing region;3. Upper middle income;-99.000000;;MK;MKD;807;807;MK;MKD;-99.000000;MKD;MKD;-99.000000;-99.000000;Europe;Europe;Southern Europe;Europe & Central Asia;9.000000;9.000000;4.000000;-99.000000;1.000000
1;Admin-0 country;3.000000;Mali;MLI;0.000000;2.000000;Sovereign country;Mali;MLI;0.000000;Mali;MLI;0.000000;Mali;MLI;0.000000;Mali;Mali;MLI;Mali;;Mali;ML;Republic of Mali;;;;Mali;;1.000000;4.000000;1.000000;7.000000;12666987.000000;14590.000000;-99.000000;2009.000000;-99.000000;7. Least developed region;5. Low income;-99.000000;;ML;MLI;466;466;ML;MLI;-99.000000;MLI;MLI;-99.000000;-99.000000;Africa;Africa;Western Africa;Sub-Saharan Africa;4.000000;4.000000;4.000000;-99.000000;1.000000
1;Admin-0 country;3.000000;Myanmar;MMR;0.000000;2.000000;Sovereign country;Myanmar;MMR;0.000000;Myanmar;MMR;0.000000;Myanmar;MMR;0.000000;Myanmar;Myanmar;MMR;Myanmar;;Myan.;MM;Republic of the Union of Myanmar;;;;Myanmar;;2.000000;2.000000;5.000000;13.000000;48137741.000000;55130.000000;-99.000000;1983.000000;-99.000000;7. Least developed region;5. Low income;-99.000000;;MM;MMR;104;104;MM;MMR;-99.000000;MMR;MMR;-99.000000;-99.000000;Asia;Asia;South-Eastern Asia;East Asia & Pacific;7.000000;7.000000;5.000000;-99.000000;1.000000
1;Admin-0 country;6.000000;Montenegro;MNE;0.000000;2.000000;Sovereign country;Montenegro;MNE;0.000000;Montenegro;MNE;0.000000;Montenegro;MNE;0.000000;Montenegro;Montenegro;MNE;Montenegro;;Mont.;ME;Montenegro;;;;Montenegro;;4.000000;1.000000;4.000000;5.000000;672180.000000;6816.000000;-99.000000;2011.000000;-99.000000;6. Developing region;3. Upper middle income;-99.000000;;ME;MNE;499;499;ME;MNE;-99.000000;MNE;MNE;-99.000000;-99.000000;Europe;Europe;Southern Europe;Europe & Central Asia;10.000000;10.000000;5.000000;-99.000000;1.000000
1;Admin-0 country;3.000000;Mongolia;MNG;0.000000;2.000000;Sovereign country;Mongolia;MNG;0.000000;Mongolia;MNG;0.000000;Mongolia;MNG;0.000000;Mongolia;Mongolia;MNG;Mongolia;;Mong.;MN;Mongolia;;;;Mongolia;;3.000000;5.000000;5.000000;6.000000;3041142.000000;9476.000000;-99.000000;2010.000000;-99.000000;6. Developing region;4. Lower middle income;-99.000000;;MN;MNG;496;496;MN;MNG;-99.000000;MNG;MNG;-99.000000;-99.000000;Asia;Asia;Eastern Asia;East Asia & Pacific;8.000000;8.000000;5.000000;-99.000000;1.000000
1;Admin-0 country;3.000000;Mozambique;MOZ;0.000000;2.000000;Sovereign country;Mozambique;MOZ;0.000000;Mozambique;MOZ;0.000000;Mozambique;MOZ;0.000000;Mozambique;Mozambique;MOZ;Mozambique;;Moz.;MZ;Republic of Mozambique;;;;Mozambique;;4.000000;2.000000;1.000000;4.000000;21669278.000000;18940.000000;-99.000000;2007.000000;-99.000000;7. Least developed region;5. Low income;-99.000000;;MZ;MOZ;508;508;MZ;MOZ;-99.000000;MOZ;MOZ;-99.000000;-99.000000;Africa;Africa;Eastern Africa;Sub-Saharan Africa;10.000000;10.000000;4.000000;-99.000000;1.000000
1;Admin-0 country;3.000000;Mauritania;MRT;0.000000;2.000000;Sovereign country;Mauritania;MRT;0.000000;Mauritania;MRT;0.000000;Mauritania;MRT;0.000000;Mauritania;Mauritania;MRT;Mauritania;;Mrt.;MR;Islamic Republic of Mauritania;;;;Mauritania;;3.000000;3.000000;2.000000;1.000000;3129486.000000;6308.000000;-99.000000;2000.000000;-99.000000;7. Least developed region;5. Low income;-99.000000;;MR;MRT;478;478;MR;MRT;-99.000000;MRT;MRT;-99.000000;-99.000000;Africa;Africa;Western Africa;Sub-Saharan Africa;10.000000;10.000000;4.000000;-99.000000;1.000000
1;Admin-0 country;6.000000;Malawi;MWI;0.000000;2.000000;Sovereign country;Malawi;MWI;0.000000;Malawi;MWI;0.000000;Malawi;MWI;0.000000;Malawi;Malawi;MWI;Malawi;;Mal.;MW;Republic of Malawi;;;;Malawi;;1.000000;3.000000;4.000000;5.000000;14268711.000000;11810.000000;-99.000000;2008.000000;-99.000000;7. Least developed region;5. Low income;-99.000000;;MW;MWI;454;454;MW;MWI;-99.000000;MWI;MWI;-99.000000;-99.000000;Africa;Africa;Eastern Africa;Sub-Saharan Africa;6.000000;6.000000;4.000000;-99.000000;1.000000
1;Admin-0 country;3.000000;Malaysia;MYS;0.000000;2.000000;Sovereign country;Malaysia;MYS;0.000000;Malaysia;MYS;0.000000;Malaysia;MYS;0.000000;Malaysia;Malaysia;MYS;Malaysia;;Malay.;MY;Malaysia;;;;Malaysia;;2.000000;4.000000;3.000000;6.000000;25715819.000000;384300.000000;-99.000000;2010.000000;-99.000000;6. Developing region;3. Upper middle income;-99.000000;;MY;MYS;458;458;MY;MYS;-99.000000;MYS;MYS;-99.000000;-99.000000;Asia;Asia;South-Eastern Asia;East Asia & Pacific;8.000000;8.000000;6.000000;-99.000000;1.000000
1;Admin-0 country;3.000000;Namibia;NAM;0.000000;2.000000;Sovereign country;Namibia;NAM;0.000000;Namibia;NAM;0.000000;Namibia;NAM;0.000000;Namibia;Namibia;NAM;Namibia;;Nam.;NA;Republic of Namibia;;;;Namibia;;4.000000;1.000000;1.000000;7.000000;2108665.000000;13250.000000;-99.000000;2001.000000;-99.000000;6. Developing region;3. Upper middle income;-99.000000;;NA;NAM;516;516;NA;NAM;-99.000000;NAM;NAM;-99.000000;-99.000000;Africa;Africa;Southern Africa;Sub-Saharan Africa;7.000000;7.000000;4.000000;-99.000000;1.000000
1;Admin-0 country;3.000000;France;FR1;1.000000;2.000000;Dependency;New Caledonia;NCL;0.000000;New Caledonia;NCL;0.000000;New Caledonia;NCL;0.000000;New Caledonia;New Caledonia;NCL;New Caledonia;;New C.;NC;New Caledonia;Nouvelle-CalÚdonie;Fr.;;New Caledonia;;7.000000;5.000000;9.000000;11.000000;227436.000000;3158.000000;-99.000000;2009.000000;-99.000000;6. Developing region;2. High income: nonOECD;-99.000000;;NC;NCL;540;540;NC;NCL;-99.000000;NCL;NCL;-99.000000;-99.000000;Oceania;Oceania;Melanesia;East Asia & Pacific;13.000000;13.000000;6.000000;-99.000000;-99.000000
1;Admin-0 country;3.000000;Niger;NER;0.000000;2.000000;Sovereign country;Niger;NER;0.000000;Niger;NER;0.000000;Niger;NER;0.000000;Niger;Niger;NER;Niger;;Niger;NE;Republic of Niger;;;;Niger;;4.000000;5.000000;3.000000;13.000000;15306252.000000;10040.000000;-99.000000;2001.000000;-99.000000;7. Least developed region;5. Low income;-99.000000;;NE;NER;562;562;NE;NER;-99.000000;NER;NER;-99.000000;-99.000000;Africa;Africa;Western Africa;Sub-Saharan Africa;5.000000;5.000000;5.000000;-99.000000;1.000000
1;Admin-0 country;2.000000;Nigeria;NGA;0.000000;2.000000;Sovereign country;Nigeria;NGA;0.000000;Nigeria;NGA;0.000000;Nigeria;NGA;0.000000;Nigeria;Nigeria;NGA;Nigeria;;Nigeria;NG;Federal Republic of Nigeria;;;;Nigeria;;3.000000;2.000000;5.000000;2.000000;149229090.000000;335400.000000;-99.000000;2006.000000;-99.000000;5. Emerging region: G20;4. Lower middle income;-99.000000;;NG;NGA;566;566;NG;NGA;-99.000000;NGA;NGA;-99.000000;-99.000000;Africa;Africa;Western Africa;Sub-Saharan Africa;7.000000;7.000000;7.000000;-99.000000;1.000000
1;Admin-0 country;5.000000;Nicaragua;NIC;0.000000;2.000000;Sovereign country;Nicaragua;NIC;0.000000;Nicaragua;NIC;0.000000;Nicaragua;NIC;0.000000;Nicaragua;Nicaragua;NIC;Nicaragua;;Nic.;NI;Republic of Nicaragua;;;;Nicaragua;;1.000000;4.000000;1.000000;9.000000;5891199.000000;16790.000000;-99.000000;2005.000000;-99.000000;6. Developing region;4. Lower middle income;-99.000000;;NI;NIC;558;558;NI;NIC;-99.000000;NIC;NIC;-99.000000;-99.000000;North America;Americas;Central America;Latin America & Caribbean;9.000000;9.000000;4.000000;-99.000000;1.000000
1;Admin-0 country;5.000000;Netherlands;NL1;1.000000;2.000000;Country;Netherlands;NLD;0.000000;Netherlands;NLD;0.000000;Netherlands;NLD;0.000000;Netherlands;Netherlands;NLD;Netherlands;;Neth.;NL;Kingdom of the Netherlands;;;;Netherlands;;4.000000;2.000000;2.000000;9.000000;16715999.000000;672000.000000;-99.000000;2011.000000;-99.000000;2. Developed region: nonG7;1. High income: OECD;-99.000000;;NL;NLD;528;528;NL;NLD;-99.000000;NLD;NLD;-99.000000;-99.000000;Europe;Europe;Western Europe;Europe & Central Asia;11.000000;11.000000;5.000000;-99.000000;1.000000
1;Admin-0 country;3.000000;Norway;NOR;0.000000;2.000000;Sovereign country;Norway;NOR;0.000000;Norway;NOR;0.000000;Norway;NOR;0.000000;Norway;Norway;NOR;Norway;;Nor.;N;Kingdom of Norway;;;;Norway;;5.000000;3.000000;8.000000;12.000000;4676305.000000;276400.000000;-99.000000;2001.000000;-99.000000;2. Developed region: nonG7;1. High income: OECD;-99.000000;;NO;NOR;578;578;NO;NOR;-99.000000;NOR;NOR;-99.000000;-99.000000;Europe;Europe;Northern Europe;Europe & Central Asia;6.000000;6.000000;4.000000;-99.000000;1.000000
1;Admin-0 country;3.000000;Nepal;NPL;0.000000;2.000000;Sovereign country;Nepal;NPL;0.000000;Nepal;NPL;0.000000;Nepal;NPL;0.000000;Nepal;Nepal;NPL;Nepal;;Nepal;NP;Nepal;;;;Nepal;;2.000000;2.000000;3.000000;12.000000;28563377.000000;31080.000000;-99.000000;2001.000000;-99.000000;7. Least developed region;5. Low income;-99.000000;;NP;NPL;524;524;NP;NPL;-99.000000;NPL;NPL;-99.000000;-99.000000;Asia;Asia;Southern Asia;South Asia;5.000000;5.000000;5.000000;-99.000000;1.000000
1;Admin-0 country;2.000000;New Zealand;NZ1;1.000000;2.000000;Country;New Zealand;NZL;0.000000;New Zealand;NZL;0.000000;New Zealand;NZL;0.000000;New Zealand;New Zealand;NZL;New Zealand;;N.Z.;NZ;New Zealand;;;;New Zealand;;3.000000;3.000000;4.000000;4.000000;4213418.000000;116700.000000;-99.000000;2006.000000;-99.000000;2. Developed region: nonG7;1. High income: OECD;-99.000000;;NZ;NZL;554;554;NZ;NZL;-99.000000;NZL;NZL;-99.000000;-99.000000;Oceania;Oceania;Australia and New Zealand;East Asia & Pacific;11.000000;11.000000;4.000000;-99.000000;1.000000
1;Admin-0 country;4.000000;Oman;OMN;0.000000;2.000000;Sovereign country;Oman;OMN;0.000000;Oman;OMN;0.000000;Oman;OMN;0.000000;Oman;Oman;OMN;Oman;;Oman;OM;Sultanate of Oman;;;;Oman;;1.000000;4.000000;1.000000;6.000000;3418085.000000;66980.000000;-99.000000;2010.000000;-99.000000;6. Developing region;2. High income: nonOECD;-99.000000;;OM;OMN;512;512;OM;OMN;-99.000000;OMN;OMN;-99.000000;-99.000000;Asia;Asia;Western Asia;Middle East & North Africa;4.000000;4.000000;4.000000;-99.000000;1.000000
1;Admin-0 country;2.000000;Pakistan;PAK;0.000000;2.000000;Sovereign country;Pakistan;PAK;0.000000;Pakistan;PAK;0.000000;Pakistan;PAK;0.000000;Pakistan;Pakistan;PAK;Pakistan;;Pak.;PK;Islamic Republic of Pakistan;;;;Pakistan;;2.000000;2.000000;3.000000;11.000000;176242949.000000;427300.000000;-99.000000;1998.000000;-99.000000;5. Emerging region: G20;4. Lower middle income;-99.000000;;PK;PAK;586;586;PK;PAK;-99.000000;PAK;PAK;-99.000000;-99.000000;Asia;Asia;Southern Asia;South Asia;8.000000;8.000000;4.000000;-99.000000;1.000000
1;Admin-0 country;4.000000;Panama;PAN;0.000000;2.000000;Sovereign country;Panama;PAN;0.000000;Panama;PAN;0.000000;Panama;PAN;0.000000;Panama;Panama;PAN;Panama;;Pan.;PA;Republic of Panama;;;;Panama;;4.000000;4.000000;6.000000;3.000000;3360474.000000;38830.000000;-99.000000;2010.000000;-99.000000;6. Developing region;3. Upper middle income;-99.000000;;PA;PAN;591;591;PA;PAN;-99.000000;PAN;PAN;-99.000000;-99.000000;North America;Americas;Central America;Latin America & Caribbean;6.000000;6.000000;4.000000;-99.000000;1.000000
1;Admin-0 country;2.000000;Peru;PER;0.000000;2.000000;Sovereign country;Peru;PER;0.000000;Peru;PER;0.000000;Peru;PER;0.000000;Peru;Peru;PER;Peru;;Peru;PE;Republic of Peru;;;;Peru;;4.000000;4.000000;4.000000;11.000000;29546963.000000;247300.000000;-99.000000;2007.000000;-99.000000;5. Emerging region: G20;3. Upper middle income;-99.000000;;PE;PER;604;604;PE;PER;-99.000000;PER;PER;-99.000000;-99.000000;South America;Americas;South America;Latin America & Caribbean;4.000000;4.000000;4.000000;-99.000000;1.000000
1;Admin-0 country;2.000000;Philippines;PHL;0.000000;2.000000;Sovereign country;Philippines;PHL;0.000000;Philippines;PHL;0.000000;Philippines;PHL;0.000000;Philippines;Philippines;PHL;Philippines;;Phil.;PH;Republic of the Philippines;;;;Philippines;;3.000000;2.000000;2.000000;8.000000;97976603.000000;317500.000000;-99.000000;2010.000000;-99.000000;5. Emerging region: G20;4. Lower middle income;-99.000000;;PH;PHL;608;608;PH;PHL;-99.000000;PHL;PHL;-99.000000;-99.000000;Asia;Asia;South-Eastern Asia;East Asia & Pacific;11.000000;11.000000;5.000000;-99.000000;1.000000
1;Admin-0 country;2.000000;Papua New Guinea;PNG;0.000000;2.000000;Sovereign country;Papua New Guinea;PNG;0.000000;Papua New Guinea;PNG;1.000000;Papua New Guinea;PN1;0.000000;Papua New Guinea;Papua New Guinea;PN1;Papua New Guinea;;P.N.G.;PG;Independent State of Papua New Guinea;;;;Papua New Guinea;;4.000000;2.000000;3.000000;1.000000;6057263.000000;13210.000000;-99.000000;2000.000000;-99.000000;6. Developing region;4. Lower middle income;-99.000000;;PG;PNG;598;598;PG;PNG;-99.000000;PNG;PNG;-99.000000;-99.000000;Oceania;Oceania;Melanesia;East Asia & Pacific;16.000000;16.000000;6.000000;-99.000000;1.000000
1;Admin-0 country;3.000000;Poland;POL;0.000000;2.000000;Sovereign country;Poland;POL;0.000000;Poland;POL;0.000000;Poland;POL;0.000000;Poland;Poland;POL;Poland;;Pol.;PL;Republic of Poland;;;;Poland;;3.000000;7.000000;1.000000;2.000000;38482919.000000;667900.000000;-99.000000;2011.000000;-99.000000;2. Developed region: nonG7;1. High income: OECD;-99.000000;;PL;POL;616;616;PL;POL;-99.000000;POL;POL;-99.000000;-99.000000;Europe;Europe;Eastern Europe;Europe & Central Asia;6.000000;6.000000;4.000000;-99.000000;1.000000
1;Admin-0 country;5.000000;United States of America;US1;1.000000;2.000000;Dependency;Puerto Rico;PRI;0.000000;Puerto Rico;PRI;0.000000;Puerto Rico;PRI;0.000000;Puerto Rico;Puerto Rico;PRI;Puerto Rico;;P.R.;PR;Commonwealth of Puerto Rico;;Commonwealth of U.S.A.;;Puerto Rico;;4.000000;5.000000;1.000000;1.000000;3971020.000000;70230.000000;-99.000000;2010.000000;-99.000000;6. Developing region;2. High income: nonOECD;-99.000000;;PR;PRI;630;630;PR;PRI;-99.000000;PRI;PRI;-99.000000;-99.000000;North America;Americas;Caribbean;Latin America & Caribbean;11.000000;11.000000;4.000000;-99.000000;-99.000000
1;Admin-0 country;3.000000;North Korea;PRK;0.000000;2.000000;Sovereign country;North Korea;PRK;0.000000;North Korea;PRK;0.000000;North Korea;PRK;0.000000;Dem. Rep. Korea;Dem. Rep. Korea;PRK;Dem. Rep. Korea;;N.K.;KP;Democratic People's Republic of Korea;;;;Korea, Dem. Rep.;;3.000000;5.000000;3.000000;9.000000;22665345.000000;40000.000000;-99.000000;2009.000000;-99.000000;7. Least developed region;5. Low income;-99.000000;;KP;PRK;408;408;KP;PRK;-99.000000;PRK;PRK;-99.000000;-99.000000;Asia;Asia;Eastern Asia;East Asia & Pacific;15.000000;15.000000;4.000000;-99.000000;1.000000
1;Admin-0 country;2.000000;Portugal;PRT;0.000000;2.000000;Sovereign country;Portugal;PRT;0.000000;Portugal;PRT;1.000000;Portugal;PR1;0.000000;Portugal;Portugal;PR1;Portugal;;Port.;P;Portuguese Republic;;;;Portugal;;1.000000;7.000000;1.000000;4.000000;10707924.000000;208627.000000;-99.000000;2011.000000;0.000000;2. Developed region: nonG7;1. High income: OECD;-99.000000;;PT;PRT;620;620;PT;PRT;-99.000000;PRT;PRT;-99.000000;-99.000000;Europe;Europe;Southern Europe;Europe & Central Asia;8.000000;8.000000;5.000000;-99.000000;1.000000
1;Admin-0 country;4.000000;Paraguay;PRY;0.000000;2.000000;Sovereign country;Paraguay;PRY;0.000000;Paraguay;PRY;0.000000;Paraguay;PRY;0.000000;Paraguay;Paraguay;PRY;Paraguay;;Para.;PY;Republic of Paraguay;;;;Paraguay;;6.000000;3.000000;6.000000;2.000000;6995655.000000;28890.000000;-99.000000;2002.000000;-99.000000;5. Emerging region: G20;4. Lower middle income;-99.000000;;PY;PRY;600;600;PY;PRY;-99.000000;PRY;PRY;-99.000000;-99.000000;South America;Americas;South America;Latin America & Caribbean;8.000000;8.000000;5.000000;-99.000000;1.000000
1;Admin-0 country;5.000000;Israel;ISR;1.000000;2.000000;Disputed;Palestine;PSX;0.000000;Palestine;PSX;0.000000;Palestine;PSX;0.000000;Palestine;Palestine;PSX;Palestine;;Pal.;PAL;West Bank and Gaza;;Partial self-admin.;Partial self-admin.;Palestine (West Bank and Gaza);;3.000000;2.000000;5.000000;8.000000;4119083.000000;11950.770000;-99.000000;2007.000000;-99.000000;6. Developing region;4. Lower middle income;-99.000000;;PS;PSE;275;275;GZ;WBG;-99.000000;PSE;PSX;-99.000000;-99.000000;Asia;Asia;Western Asia;Middle East & North Africa;9.000000;9.000000;4.000000;-99.000000;-99.000000
1;Admin-0 country;5.000000;Qatar;QAT;0.000000;2.000000;Sovereign country;Qatar;QAT;0.000000;Qatar;QAT;0.000000;Qatar;QAT;0.000000;Qatar;Qatar;QAT;Qatar;;Qatar;QA;State of Qatar;;;;Qatar;;3.000000;6.000000;2.000000;4.000000;833285.000000;91330.000000;-99.000000;2010.000000;-99.000000;6. Developing region;2. High income: nonOECD;-99.000000;;QA;QAT;634;634;QA;QAT;-99.000000;QAT;QAT;-99.000000;-99.000000;Asia;Asia;Western Asia;Middle East & North Africa;5.000000;5.000000;5.000000;-99.000000;1.000000
1;Admin-0 country;3.000000;Romania;ROU;0.000000;2.000000;Sovereign country;Romania;ROU;0.000000;Romania;ROU;0.000000;Romania;ROU;0.000000;Romania;Romania;ROU;Romania;;Rom.;RO;Romania;;;;Romania;;1.000000;4.000000;3.000000;13.000000;22215421.000000;271400.000000;-99.000000;2011.000000;-99.000000;2. Developed region: nonG7;3. Upper middle income;-99.000000;;RO;ROU;642;642;RO;ROM;-99.000000;ROU;ROU;-99.000000;-99.000000;Europe;Europe;Eastern Europe;Europe & Central Asia;7.000000;7.000000;4.000000;-99.000000;1.000000
1;Admin-0 country;2.000000;Russia;RUS;0.000000;2.000000;Sovereign country;Russia;RUS;0.000000;Russia;RUS;0.000000;Russia;RUS;0.000000;Russia;Russian Federation;RUS;Russia;;Rus.;RUS;Russian Federation;;;;Russian Federation;;2.000000;5.000000;7.000000;7.000000;140041247.000000;2266000.000000;-99.000000;2010.000000;-99.000000;3. Emerging region: BRIC;3. Upper middle income;-99.000000;;RU;RUS;643;643;RU;RUS;-99.000000;RUS;RUS;-99.000000;-99.000000;Europe;Europe;Eastern Europe;Europe & Central Asia;6.000000;18.000000;4.000000;-99.000000;1.000000
1;Admin-0 country;3.000000;Rwanda;RWA;0.000000;2.000000;Sovereign country;Rwanda;RWA;0.000000;Rwanda;RWA;0.000000;Rwanda;RWA;0.000000;Rwanda;Rwanda;RWA;Rwanda;;Rwa.;RW;Republic of Rwanda;;;;Rwanda;;5.000000;2.000000;3.000000;10.000000;10473282.000000;9706.000000;-99.000000;2002.000000;-99.000000;7. Least developed region;5. Low income;-99.000000;;RW;RWA;646;646;RW;RWA;-99.000000;RWA;RWA;-99.000000;-99.000000;Africa;Africa;Eastern Africa;Sub-Saharan Africa;6.000000;6.000000;4.000000;-99.000000;1.000000
1;Admin-0 country;7.000000;Western Sahara;SAH;0.000000;2.000000;Indeterminate;Western Sahara;SAH;0.000000;Western Sahara;SAH;0.000000;Western Sahara;SAH;1.000000;W. Sahara;Western Sahara;B28;W. Sahara;;W. Sah.;WS;Sahrawi Arab Democratic Republic;;Self admin.;"Self admin.; Claimed by Morocco";Western Sahara;;4.000000;7.000000;4.000000;4.000000;-99.000000;-99.000000;-99.000000;-99.000000;-99.000000;7. Least developed region;5. Low income;-99.000000;;EH;ESH;732;732;-99;-99;-99.000000;MAR;SAH;-99.000000;-99.000000;Africa;Africa;Northern Africa;Middle East & North Africa;9.000000;14.000000;7.000000;-99.000000;1.000000
1;Admin-0 country;2.000000;Saudi Arabia;SAU;0.000000;2.000000;Sovereign country;Saudi Arabia;SAU;0.000000;Saudi Arabia;SAU;0.000000;Saudi Arabia;SAU;0.000000;Saudi Arabia;Saudi Arabia;SAU;Saudi Arabia;;Saud.;SA;Kingdom of Saudi Arabia;;;;Saudi Arabia;;6.000000;1.000000;6.000000;7.000000;28686633.000000;576500.000000;-99.000000;2010.000000;-99.000000;2. Developed region: nonG7;2. High income: nonOECD;-99.000000;;SA;SAU;682;682;SA;SAU;-99.000000;SAU;SAU;-99.000000;-99.000000;Asia;Asia;Western Asia;Middle East & North Africa;12.000000;12.000000;5.000000;-99.000000;1.000000
1;Admin-0 country;3.000000;Sudan;SDN;0.000000;2.000000;Sovereign country;Sudan;SDN;0.000000;Sudan;SDN;0.000000;Sudan;SDN;0.000000;Sudan;Sudan;SDN;Sudan;;Sudan;SD;Republic of the Sudan;;;;Sudan;;2.000000;6.000000;4.000000;1.000000;25946220.000000;88080.000000;-99.000000;2008.000000;-99.000000;6. Developing region;4. Lower middle income;-99.000000;;SD;SDN;729;729;SD;SDN;-99.000000;SDN;SDN;-99.000000;-99.000000;Africa;Africa;Northern Africa;Sub-Saharan Africa;5.000000;5.000000;5.000000;-99.000000;1.000000
1;Admin-0 country;3.000000;South Sudan;SDS;0.000000;2.000000;Sovereign country;South Sudan;SDS;0.000000;South Sudan;SDS;0.000000;South Sudan;SDS;0.000000;S. Sudan;South Sudan;SDS;S. Sudan;;S. Sud.;SS;Republic of South Sudan;;;;South Sudan;;1.000000;3.000000;3.000000;5.000000;10625176.000000;13227.000000;-99.000000;2008.000000;-99.000000;7. Least developed region;5. Low income;-99.000000;;SS;SSD;728;728;SS;SSD;-99.000000;SSD;SDS;-99.000000;-99.000000;Africa;Africa;Eastern Africa;Sub-Saharan Africa;8.000000;11.000000;7.000000;-99.000000;1.000000
1;Admin-0 country;3.000000;Senegal;SEN;0.000000;2.000000;Sovereign country;Senegal;SEN;0.000000;Senegal;SEN;0.000000;Senegal;SEN;0.000000;Senegal;Senegal;SEN;Senegal;;Sen.;SN;Republic of Senegal;;;;Senegal;;2.000000;6.000000;5.000000;5.000000;13711597.000000;21980.000000;-99.000000;2002.000000;-99.000000;7. Least developed region;4. Lower middle income;-99.000000;;SN;SEN;686;686;SN;SEN;-99.000000;SEN;SEN;-99.000000;-99.000000;Africa;Africa;Western Africa;Sub-Saharan Africa;7.000000;7.000000;4.000000;-99.000000;1.000000
1;Admin-0 country;3.000000;Solomon Islands;SLB;0.000000;2.000000;Sovereign country;Solomon Islands;SLB;0.000000;Solomon Islands;SLB;0.000000;Solomon Islands;SLB;0.000000;Solomon Is.;Solomon Islands;SLB;Solomon Is.;;S. Is.;SB;;;;;Solomon Islands;;1.000000;4.000000;1.000000;6.000000;595613.000000;1078.000000;-99.000000;2009.000000;-99.000000;7. Least developed region;4. Lower middle income;-99.000000;;SB;SLB;090;090;SB;SLB;-99.000000;SLB;SLB;-99.000000;-99.000000;Oceania;Oceania;Melanesia;East Asia & Pacific;11.000000;15.000000;6.000000;-99.000000;1.000000
1;Admin-0 country;4.000000;Sierra Leone;SLE;0.000000;2.000000;Sovereign country;Sierra Leone;SLE;0.000000;Sierra Leone;SLE;0.000000;Sierra Leone;SLE;0.000000;Sierra Leone;Sierra Leone;SLE;Sierra Leone;;S.L.;SL;Republic of Sierra Leone;;;;Sierra Leone;;1.000000;4.000000;1.000000;7.000000;6440053.000000;4285.000000;-99.000000;2004.000000;-99.000000;7. Least developed region;5. Low income;-99.000000;;SL;SLE;694;694;SL;SLE;-99.000000;SLE;SLE;-99.000000;-99.000000;Africa;Africa;Western Africa;Sub-Saharan Africa;12.000000;12.000000;4.000000;-99.000000;1.000000
1;Admin-0 country;6.000000;El Salvador;SLV;0.000000;2.000000;Sovereign country;El Salvador;SLV;0.000000;El Salvador;SLV;0.000000;El Salvador;SLV;0.000000;El Salvador;El Salvador;SLV;El Salvador;;El. S.;SV;Republic of El Salvador;;;;El Salvador;;1.000000;4.000000;6.000000;8.000000;7185218.000000;43630.000000;-99.000000;2007.000000;-99.000000;6. Developing region;4. Lower middle income;-99.000000;;SV;SLV;222;222;SV;SLV;-99.000000;SLV;SLV;-99.000000;-99.000000;North America;Americas;Central America;Latin America & Caribbean;11.000000;11.000000;6.000000;-99.000000;1.000000
1;Admin-0 country;5.000000;Somaliland;SOL;0.000000;2.000000;Indeterminate;Somaliland;SOL;0.000000;Somaliland;SOL;0.000000;Somaliland;SOL;1.000000;Somaliland;Somaliland;B30;Somaliland;;Solnd.;SL;Republic of Somaliland;;Self admin.;"Self admin.; Claimed by Somalia";Somaliland;;3.000000;6.000000;5.000000;2.000000;3500000.000000;12250.000000;-99.000000;-99.000000;-99.000000;6. Developing region;4. Lower middle income;-99.000000;;-99;-99;-99;-099;-99;-99;-99.000000;SOM;SOM;-99.000000;-99.000000;Africa;Africa;Eastern Africa;Sub-Saharan Africa;10.000000;10.000000;6.000000;-99.000000;1.000000
1;Admin-0 country;6.000000;Somalia;SOM;0.000000;2.000000;Sovereign country;Somalia;SOM;0.000000;Somalia;SOM;0.000000;Somalia;SOM;0.000000;Somalia;Somalia;SOM;Somalia;;Som.;SO;Federal Republic of Somalia;;;;Somalia;;2.000000;8.000000;6.000000;7.000000;9832017.000000;5524.000000;-99.000000;1987.000000;-99.000000;7. Least developed region;5. Low income;-99.000000;;SO;SOM;706;706;SO;SOM;-99.000000;SOM;SOM;-99.000000;-99.000000;Africa;Africa;Eastern Africa;Sub-Saharan Africa;7.000000;7.000000;4.000000;-99.000000;1.000000
1;Admin-0 country;5.000000;Republic of Serbia;SRB;0.000000;2.000000;Sovereign country;Republic of Serbia;SRB;0.000000;Republic of Serbia;SRB;0.000000;Republic of Serbia;SRB;0.000000;Serbia;Serbia;SRB;Serbia;;Serb.;RS;Republic of Serbia;;;;Serbia;;3.000000;3.000000;2.000000;10.000000;7379339.000000;80340.000000;-99.000000;2011.000000;-99.000000;6. Developing region;3. Upper middle income;-99.000000;;RS;SRB;688;688;YF;SRB;-99.000000;SRB;SRB;-99.000000;-99.000000;Europe;Europe;Southern Europe;Europe & Central Asia;6.000000;6.000000;5.000000;-99.000000;1.000000
1;Admin-0 country;4.000000;Suriname;SUR;0.000000;2.000000;Sovereign country;Suriname;SUR;0.000000;Suriname;SUR;0.000000;Suriname;SUR;0.000000;Suriname;Suriname;SUR;Suriname;;Sur.;SR;Republic of Suriname;;;;Suriname;;1.000000;4.000000;7.000000;6.000000;481267.000000;4254.000000;-99.000000;2004.000000;-99.000000;6. Developing region;3. Upper middle income;-99.000000;;SR;SUR;740;740;SR;SUR;-99.000000;SUR;SUR;-99.000000;-99.000000;South America;Americas;South America;Latin America & Caribbean;8.000000;8.000000;4.000000;-99.000000;1.000000
1;Admin-0 country;6.000000;Slovakia;SVK;0.000000;2.000000;Sovereign country;Slovakia;SVK;0.000000;Slovakia;SVK;0.000000;Slovakia;SVK;0.000000;Slovakia;Slovakia;SVK;Slovakia;;Svk.;SK;Slovak Republic;;;;Slovak Republic;;2.000000;4.000000;4.000000;9.000000;5463046.000000;119500.000000;-99.000000;2011.000000;-99.000000;2. Developed region: nonG7;1. High income: OECD;-99.000000;;SK;SVK;703;703;SK;SVK;-99.000000;SVK;SVK;-99.000000;-99.000000;Europe;Europe;Eastern Europe;Europe & Central Asia;8.000000;8.000000;4.000000;-99.000000;1.000000
1;Admin-0 country;6.000000;Slovenia;SVN;0.000000;2.000000;Sovereign country;Slovenia;SVN;0.000000;Slovenia;SVN;0.000000;Slovenia;SVN;0.000000;Slovenia;Slovenia;SVN;Slovenia;;Slo.;SLO;Republic of Slovenia;;;;Slovenia;;2.000000;3.000000;2.000000;12.000000;2005692.000000;59340.000000;-99.000000;2011.000000;-99.000000;2. Developed region: nonG7;1. High income: OECD;-99.000000;;SI;SVN;705;705;SI;SVN;-99.000000;SVN;SVN;-99.000000;-99.000000;Europe;Europe;Southern Europe;Europe & Central Asia;8.000000;8.000000;4.000000;-99.000000;1.000000
1;Admin-0 country;3.000000;Sweden;SWE;0.000000;2.000000;Sovereign country;Sweden;SWE;0.000000;Sweden;SWE;0.000000;Sweden;SWE;0.000000;Sweden;Sweden;SWE;Sweden;;Swe.;S;Kingdom of Sweden;;;;Sweden;;1.000000;4.000000;2.000000;4.000000;9059651.000000;344300.000000;-99.000000;-99.000000;-99.000000;2. Developed region: nonG7;1. High income: OECD;-99.000000;;SE;SWE;752;752;SE;SWE;-99.000000;SWE;SWE;-99.000000;-99.000000;Europe;Europe;Northern Europe;Europe & Central Asia;6.000000;6.000000;4.000000;-99.000000;1.000000
1;Admin-0 country;4.000000;Swaziland;SWZ;0.000000;2.000000;Sovereign country;Swaziland;SWZ;0.000000;Swaziland;SWZ;0.000000;Swaziland;SWZ;0.000000;Swaziland;Swaziland;SWZ;Swaziland;;Swz.;SW;Kingdom of Swaziland;;;;Swaziland;;3.000000;6.000000;2.000000;5.000000;1123913.000000;5702.000000;-99.000000;2007.000000;-99.000000;6. Developing region;4. Lower middle income;-99.000000;;SZ;SWZ;748;748;SZ;SWZ;-99.000000;SWZ;SWZ;-99.000000;-99.000000;Africa;Africa;Southern Africa;Sub-Saharan Africa;9.000000;9.000000;4.000000;-99.000000;1.000000
1;Admin-0 country;3.000000;Syria;SYR;0.000000;2.000000;Sovereign country;Syria;SYR;0.000000;Syria;SYR;0.000000;Syria;SYR;0.000000;Syria;Syria;SYR;Syria;;Syria;SYR;Syrian Arab Republic;;;;Syrian Arab Republic;;2.000000;6.000000;2.000000;6.000000;20178485.000000;98830.000000;-99.000000;2004.000000;-99.000000;6. Developing region;4. Lower middle income;-99.000000;;SY;SYR;760;760;SY;SYR;-99.000000;SYR;SYR;-99.000000;-99.000000;Asia;Asia;Western Asia;Middle East & North Africa;5.000000;5.000000;5.000000;-99.000000;1.000000
1;Admin-0 country;3.000000;Chad;TCD;0.000000;2.000000;Sovereign country;Chad;TCD;0.000000;Chad;TCD;0.000000;Chad;TCD;0.000000;Chad;Chad;TCD;Chad;;Chad;TD;Republic of Chad;;;;Chad;;6.000000;1.000000;8.000000;6.000000;10329208.000000;15860.000000;-99.000000;2009.000000;-99.000000;7. Least developed region;5. Low income;-99.000000;;TD;TCD;148;148;TD;TCD;-99.000000;TCD;TCD;-99.000000;-99.000000;Africa;Africa;Middle Africa;Sub-Saharan Africa;4.000000;4.000000;4.000000;-99.000000;1.000000
1;Admin-0 country;6.000000;Togo;TGO;0.000000;2.000000;Sovereign country;Togo;TGO;0.000000;Togo;TGO;0.000000;Togo;TGO;0.000000;Togo;Togo;TGO;Togo;;Togo;TG;Togolese Republic;RÚpublique Togolaise;;;Togo;;3.000000;1.000000;3.000000;5.000000;6019877.000000;5118.000000;-99.000000;2010.000000;-99.000000;7. Least developed region;5. Low income;-99.000000;;TG;TGO;768;768;TG;TGO;-99.000000;TGO;TGO;-99.000000;-99.000000;Africa;Africa;Western Africa;Sub-Saharan Africa;4.000000;4.000000;4.000000;-99.000000;1.000000
1;Admin-0 country;3.000000;Thailand;THA;0.000000;2.000000;Sovereign country;Thailand;THA;0.000000;Thailand;THA;0.000000;Thailand;THA;0.000000;Thailand;Thailand;THA;Thailand;;Thai.;TH;Kingdom of Thailand;;;;Thailand;;3.000000;6.000000;8.000000;1.000000;65905410.000000;547400.000000;-99.000000;2010.000000;-99.000000;5. Emerging region: G20;3. Upper middle income;-99.000000;;TH;THA;764;764;TH;THA;-99.000000;THA;THA;-99.000000;-99.000000;Asia;Asia;South-Eastern Asia;East Asia & Pacific;8.000000;8.000000;5.000000;-99.000000;1.000000
1;Admin-0 country;4.000000;Tajikistan;TJK;0.000000;2.000000;Sovereign country;Tajikistan;TJK;0.000000;Tajikistan;TJK;0.000000;Tajikistan;TJK;0.000000;Tajikistan;Tajikistan;TJK;Tajikistan;;Tjk.;TJ;Republic of Tajikistan;;;;Tajikistan;;3.000000;6.000000;2.000000;5.000000;7349145.000000;13160.000000;-99.000000;2010.000000;-99.000000;6. Developing region;5. Low income;-99.000000;;TJ;TJK;762;762;TJ;TJK;-99.000000;TJK;TJK;-99.000000;-99.000000;Asia;Asia;Central Asia;Europe & Central Asia;10.000000;10.000000;4.000000;-99.000000;1.000000
1;Admin-0 country;4.000000;Turkmenistan;TKM;0.000000;2.000000;Sovereign country;Turkmenistan;TKM;0.000000;Turkmenistan;TKM;0.000000;Turkmenistan;TKM;0.000000;Turkmenistan;Turkmenistan;TKM;Turkmenistan;;Turkm.;TM;Turkmenistan;;;;Turkmenistan;;3.000000;2.000000;1.000000;9.000000;4884887.000000;29780.000000;-99.000000;1995.000000;-99.000000;6. Developing region;3. Upper middle income;-99.000000;;TM;TKM;795;795;TM;TKM;-99.000000;TKM;TKM;-99.000000;-99.000000;Asia;Asia;Central Asia;Europe & Central Asia;12.000000;12.000000;6.000000;-99.000000;1.000000
1;Admin-0 country;5.000000;East Timor;TLS;0.000000;2.000000;Sovereign country;East Timor;TLS;0.000000;East Timor;TLS;0.000000;East Timor;TLS;0.000000;Timor-Leste;Timor-Leste;TLS;Timor-Leste;;T.L.;TL;Democratic Republic of Timor-Leste;;;;Timor-Leste;East Timor;2.000000;2.000000;4.000000;3.000000;1131612.000000;2520.000000;-99.000000;2010.000000;-99.000000;7. Least developed region;4. Lower middle income;-99.000000;;TL;TLS;626;626;TP;TMP;-99.000000;TLS;TLS;-99.000000;-99.000000;Asia;Asia;South-Eastern Asia;East Asia & Pacific;11.000000;11.000000;4.000000;-99.000000;1.000000
1;Admin-0 country;5.000000;Trinidad and Tobago;TTO;0.000000;2.000000;Sovereign country;Trinidad and Tobago;TTO;0.000000;Trinidad and Tobago;TTO;0.000000;Trinidad and Tobago;TTO;0.000000;Trinidad and Tobago;Trinidad and Tobago;TTO;Trinidad and Tobago;;Tr.T.;TT;Republic of Trinidad and Tobago;;;;Trinidad and Tobago;;5.000000;6.000000;2.000000;5.000000;1310000.000000;29010.000000;-99.000000;2011.000000;-99.000000;6. Developing region;2. High income: nonOECD;-99.000000;;TT;TTO;780;780;TT;TTO;-99.000000;TTO;TTO;-99.000000;-99.000000;North America;Americas;Caribbean;Latin America & Caribbean;19.000000;19.000000;5.000000;2.000000;1.000000
1;Admin-0 country;3.000000;Tunisia;TUN;0.000000;2.000000;Sovereign country;Tunisia;TUN;0.000000;Tunisia;TUN;0.000000;Tunisia;TUN;0.000000;Tunisia;Tunisia;TUN;Tunisia;;Tun.;TN;Republic of Tunisia;;;;Tunisia;;4.000000;3.000000;3.000000;2.000000;10486339.000000;81710.000000;-99.000000;2004.000000;-99.000000;6. Developing region;3. Upper middle income;-99.000000;;TN;TUN;788;788;TN;TUN;-99.000000;TUN;TUN;-99.000000;-99.000000;Africa;Africa;Northern Africa;Middle East & North Africa;7.000000;7.000000;4.000000;-99.000000;1.000000
1;Admin-0 country;2.000000;Turkey;TUR;0.000000;2.000000;Sovereign country;Turkey;TUR;0.000000;Turkey;TUR;0.000000;Turkey;TUR;0.000000;Turkey;Turkey;TUR;Turkey;;Tur.;TR;Republic of Turkey;;;;Turkey;;6.000000;3.000000;8.000000;4.000000;76805524.000000;902700.000000;-99.000000;2000.000000;-99.000000;4. Emerging region: MIKT;3. Upper middle income;-99.000000;;TR;TUR;792;792;TR;TUR;-99.000000;TUR;TUR;-99.000000;-99.000000;Asia;Asia;Western Asia;Europe & Central Asia;6.000000;6.000000;4.000000;-99.000000;1.000000
1;Admin-0 country;3.000000;Taiwan;TWN;0.000000;2.000000;Sovereign country;Taiwan;TWN;0.000000;Taiwan;TWN;0.000000;Taiwan;TWN;1.000000;Taiwan;Taiwan;B77;Taiwan;;Taiwan;TW;;;;"Self admin.; Claimed by China";Taiwan;;1.000000;5.000000;7.000000;2.000000;22974347.000000;712000.000000;-99.000000;-99.000000;-99.000000;2. Developed region: nonG7;2. High income: nonOECD;-99.000000;;TW;TWN;158;-099;-99;-99;-99.000000;TWN;TWN;-99.000000;-99.000000;Asia;Asia;Eastern Asia;East Asia & Pacific;6.000000;6.000000;6.000000;-99.000000;1.000000
1;Admin-0 country;3.000000;United Republic of Tanzania;TZA;0.000000;2.000000;Sovereign country;United Republic of Tanzania;TZA;0.000000;Tanzania;TZA;0.000000;Tanzania;TZA;0.000000;Tanzania;Tanzania;TZA;Tanzania;;Tanz.;TZ;United Republic of Tanzania;;;;Tanzania;;3.000000;6.000000;2.000000;2.000000;41048532.000000;54250.000000;-99.000000;2002.000000;-99.000000;7. Least developed region;5. Low income;-99.000000;;TZ;TZA;834;834;TZ;TZA;-99.000000;TZA;TZA;-99.000000;-99.000000;Africa;Africa;Eastern Africa;Sub-Saharan Africa;8.000000;8.000000;5.000000;-99.000000;1.000000
1;Admin-0 country;3.000000;Uganda;UGA;0.000000;2.000000;Sovereign country;Uganda;UGA;0.000000;Uganda;UGA;0.000000;Uganda;UGA;0.000000;Uganda;Uganda;UGA;Uganda;;Uga.;UG;Republic of Uganda;;;;Uganda;;6.000000;3.000000;6.000000;4.000000;32369558.000000;39380.000000;-99.000000;2002.000000;-99.000000;7. Least developed region;5. Low income;-99.000000;;UG;UGA;800;800;UG;UGA;-99.000000;UGA;UGA;-99.000000;-99.000000;Africa;Africa;Eastern Africa;Sub-Saharan Africa;6.000000;6.000000;4.000000;-99.000000;1.000000
1;Admin-0 country;3.000000;Ukraine;UKR;0.000000;2.000000;Sovereign country;Ukraine;UKR;0.000000;Ukraine;UKR;0.000000;Ukraine;UKR;0.000000;Ukraine;Ukraine;UKR;Ukraine;;Ukr.;UA;Ukraine;;;;Ukraine;;5.000000;1.000000;6.000000;3.000000;45700395.000000;339800.000000;-99.000000;2001.000000;-99.000000;6. Developing region;4. Lower middle income;-99.000000;;UA;UKR;804;804;UA;UKR;-99.000000;UKR;UKR;-99.000000;-99.000000;Europe;Europe;Eastern Europe;Europe & Central Asia;7.000000;7.000000;4.000000;-99.000000;1.000000
1;Admin-0 country;4.000000;Uruguay;URY;0.000000;2.000000;Sovereign country;Uruguay;URY;0.000000;Uruguay;URY;0.000000;Uruguay;URY;0.000000;Uruguay;Uruguay;URY;Uruguay;;Ury.;UY;Oriental Republic of Uruguay;;;;Uruguay;;1.000000;2.000000;2.000000;10.000000;3494382.000000;43160.000000;-99.000000;2004.000000;-99.000000;5. Emerging region: G20;3. Upper middle income;-99.000000;;UY;URY;858;858;UY;URY;-99.000000;URY;URY;-99.000000;-99.000000;South America;Americas;South America;Latin America & Caribbean;7.000000;7.000000;4.000000;-99.000000;1.000000
1;Admin-0 country;2.000000;United States of America;US1;1.000000;2.000000;Country;United States of America;USA;0.000000;United States of America;USA;0.000000;United States of America;USA;0.000000;United States;United States;USA;United States;;U.S.A.;US;United States of America;;;;United States of America;;4.000000;5.000000;1.000000;1.000000;313973000.000000;15094000.000000;0.000000;2010.000000;0.000000;1. Developed region: G7;1. High income: OECD;0.000000;;US;USA;840;840;US;USA;-99.000000;USA;USA;-99.000000;-99.000000;North America;Americas;Northern America;North America;13.000000;13.000000;6.000000;-99.000000;1.000000
1;Admin-0 country;3.000000;Uzbekistan;UZB;0.000000;2.000000;Sovereign country;Uzbekistan;UZB;0.000000;Uzbekistan;UZB;0.000000;Uzbekistan;UZB;0.000000;Uzbekistan;Uzbekistan;UZB;Uzbekistan;;Uzb.;UZ;Republic of Uzbekistan;;;;Uzbekistan;;2.000000;3.000000;5.000000;4.000000;27606007.000000;71670.000000;-99.000000;1989.000000;-99.000000;6. Developing region;4. Lower middle income;-99.000000;;UZ;UZB;860;860;UZ;UZB;-99.000000;UZB;UZB;-99.000000;-99.000000;Asia;Asia;Central Asia;Europe & Central Asia;10.000000;10.000000;4.000000;5.000000;1.000000
1;Admin-0 country;3.000000;Venezuela;VEN;0.000000;2.000000;Sovereign country;Venezuela;VEN;0.000000;Venezuela;VEN;0.000000;Venezuela;VEN;0.000000;Venezuela;Venezuela;VEN;Venezuela;;Ven.;VE;Bolivarian Republic of Venezuela;Rep·blica Bolivariana de Venezuela;;;Venezuela, RB;;1.000000;3.000000;1.000000;4.000000;26814843.000000;357400.000000;-99.000000;2001.000000;-99.000000;5. Emerging region: G20;3. Upper middle income;-99.000000;;VE;VEN;862;862;VE;VEN;-99.000000;VEN;VEN;-99.000000;-99.000000;South America;Americas;South America;Latin America & Caribbean;9.000000;9.000000;4.000000;-99.000000;1.000000
1;Admin-0 country;2.000000;Vietnam;VNM;0.000000;2.000000;Sovereign country;Vietnam;VNM;0.000000;Vietnam;VNM;0.000000;Vietnam;VNM;0.000000;Vietnam;Vietnam;VNM;Vietnam;;Viet.;VN;Socialist Republic of Vietnam;;;;Vietnam;;5.000000;6.000000;5.000000;4.000000;86967524.000000;241700.000000;-99.000000;2009.000000;-99.000000;5. Emerging region: G20;4. Lower middle income;-99.000000;;VN;VNM;704;704;VN;VNM;-99.000000;VNM;VNM;-99.000000;-99.000000;Asia;Asia;South-Eastern Asia;East Asia & Pacific;7.000000;7.000000;5.000000;2.000000;1.000000
1;Admin-0 country;4.000000;Vanuatu;VUT;0.000000;2.000000;Sovereign country;Vanuatu;VUT;0.000000;Vanuatu;VUT;0.000000;Vanuatu;VUT;0.000000;Vanuatu;Vanuatu;VUT;Vanuatu;;Van.;VU;Republic of Vanuatu;;;;Vanuatu;;6.000000;3.000000;7.000000;3.000000;218519.000000;988.500000;-99.000000;2009.000000;-99.000000;7. Least developed region;4. Lower middle income;-99.000000;;VU;VUT;548;548;VU;VUT;-99.000000;VUT;VUT;-99.000000;-99.000000;Oceania;Oceania;Melanesia;East Asia & Pacific;7.000000;7.000000;4.000000;2.000000;1.000000
1;Admin-0 country;3.000000;Yemen;YEM;0.000000;2.000000;Sovereign country;Yemen;YEM;0.000000;Yemen;YEM;0.000000;Yemen;YEM;0.000000;Yemen;Yemen;YEM;Yemen;;Yem.;YE;Republic of Yemen;;;;Yemen, Rep.;;5.000000;3.000000;3.000000;11.000000;23822783.000000;55280.000000;-99.000000;2004.000000;-99.000000;7. Least developed region;4. Lower middle income;-99.000000;;YE;YEM;887;887;RY;YEM;-99.000000;YEM;YEM;-99.000000;-99.000000;Asia;Asia;Western Asia;Middle East & North Africa;5.000000;5.000000;4.000000;-99.000000;1.000000
1;Admin-0 country;2.000000;South Africa;ZAF;0.000000;2.000000;Sovereign country;South Africa;ZAF;0.000000;South Africa;ZAF;0.000000;South Africa;ZAF;0.000000;South Africa;South Africa;ZAF;South Africa;;S.Af.;ZA;Republic of South Africa;;;;South Africa;;2.000000;3.000000;4.000000;2.000000;49052489.000000;491000.000000;-99.000000;2001.000000;-99.000000;5. Emerging region: G20;3. Upper middle income;-99.000000;;ZA;ZAF;710;710;ZA;ZAF;-99.000000;ZAF;ZAF;-99.000000;-99.000000;Africa;Africa;Southern Africa;Sub-Saharan Africa;12.000000;12.000000;5.000000;-99.000000;1.000000
1;Admin-0 country;3.000000;Zambia;ZMB;0.000000;2.000000;Sovereign country;Zambia;ZMB;0.000000;Zambia;ZMB;0.000000;Zambia;ZMB;0.000000;Zambia;Zambia;ZMB;Zambia;;Zambia;ZM;Republic of Zambia;;;;Zambia;;5.000000;8.000000;5.000000;13.000000;11862740.000000;17500.000000;-99.000000;2010.000000;-99.000000;7. Least developed region;4. Lower middle income;-99.000000;;ZM;ZMB;894;894;ZM;ZMB;-99.000000;ZMB;ZMB;-99.000000;-99.000000;Africa;Africa;Eastern Africa;Sub-Saharan Africa;6.000000;6.000000;6.000000;-99.000000;1.000000
1;Admin-0 country;3.000000;Zimbabwe;ZWE;0.000000;2.000000;Sovereign country;Zimbabwe;ZWE;0.000000;Zimbabwe;ZWE;0.000000;Zimbabwe;ZWE;0.000000;Zimbabwe;Zimbabwe;ZWE;Zimbabwe;;Zimb.;ZW;Republic of Zimbabwe;;;;Zimbabwe;;1.000000;5.000000;3.000000;9.000000;12619600.000000;9323.000000;0.000000;2002.000000;0.000000;5. Emerging region: G20;5. Low income;-99.000000;;ZW;ZWE;716;716;ZW;ZWE;-99.000000;ZWE;ZWE;-99.000000;-99.000000;Africa;Africa;Eastern Africa;Sub-Saharan Africa;8.000000;8.000000;5.000000;-99.000000;1.000000
